ID,status,time,J,W
22103,1,4/1/2018 1:09:40,121.80246,31.15223
12734,1,4/1/2018 1:19:57,121.800647,31.150087
30210,1,4/1/2018 10:00:43,121.800983,31.149913
18776,1,4/1/2018 10:00:44,121.799063,31.15363
17290,1,4/1/2018 10:00:57,121.800058,31.15119
21299,1,4/1/2018 10:03:34,121.79947,31.152038
15579,1,4/1/2018 10:04:39,121.79865,31.156048
30118,1,4/1/2018 10:07:33,121.803285,31.153342
23633,1,4/1/2018 10:07:54,121.798165,31.156895
15643,1,4/1/2018 10:08:53,121.800007,31.150122
21397,1,4/1/2018 10:11:05,121.804143,31.152212
20902,1,4/1/2018 10:14:06,121.800673,31.149938
24025,1,4/1/2018 10:14:52,121.799587,31.152315
28318,1,4/1/2018 10:15:35,121.798635,31.155527
23755,1,4/1/2018 10:18:24,121.799413,31.152548
21998,1,4/1/2018 10:20:49,121.800847,31.149987
20753,1,4/1/2018 10:20:57,121.804075,31.153175
21547,1,4/1/2018 10:23:00,121.799692,31.150302
22026,1,4/1/2018 10:24:42,121.804023,31.152933
20932,1,4/1/2018 10:24:43,121.803858,31.15347
16740,1,4/1/2018 10:25:38,121.799503,31.150913
18167,1,4/1/2018 10:26:53,121.804353,31.151753
20541,1,4/1/2018 10:27:04,121.803902,31.153288
27702,1,4/1/2018 10:28:21,121.803712,31.15361
27509,1,4/1/2018 10:28:43,121.804183,31.152395
26143,1,4/1/2018 10:28:55,121.800623,31.153247
15107,1,4/1/2018 10:29:05,121.803927,31.153578
11133,1,4/1/2018 10:29:40,121.799105,31.153242
26127,1,4/1/2018 10:31:53,121.799315,31.152482
14477,1,4/1/2018 10:31:59,121.804377,31.152008
13132,1,4/1/2018 10:32:02,121.79926,31.150852
11940,1,4/1/2018 10:32:12,121.800337,31.14998
23919,1,4/1/2018 10:32:26,121.804672,31.150913
28638,1,4/1/2018 10:32:50,121.804028,31.15281
25081,1,4/1/2018 10:33:35,121.802287,31.149763
20610,1,4/1/2018 10:33:38,121.800915,31.149887
14098,1,4/1/2018 10:33:53,121.803985,31.153247
11680,1,4/1/2018 10:34:12,121.803752,31.153013
20378,1,4/1/2018 10:35:27,121.802507,31.156222
20921,1,4/1/2018 10:36:35,121.800392,31.150037
16566,1,4/1/2018 10:36:51,121.803757,31.153448
20290,1,4/1/2018 10:36:51,121.8035,31.153418
15278,1,4/1/2018 10:37:40,121.799893,31.150917
10121,1,4/1/2018 10:37:50,121.800428,31.150127
14157,1,4/1/2018 10:38:03,121.799565,31.152258
12907,1,4/1/2018 10:38:52,121.803793,31.153262
13301,1,4/1/2018 10:39:20,121.800135,31.150065
10867,1,4/1/2018 10:40:34,121.799997,31.150613
15035,1,4/1/2018 10:41:55,121.803662,31.153698
23429,1,4/1/2018 10:42:55,121.803968,31.151565
28241,1,4/1/2018 10:43:32,121.800242,31.149888
30024,1,4/1/2018 10:43:35,121.800117,31.150592
20026,1,4/1/2018 10:43:53,121.803932,31.152355
26979,1,4/1/2018 10:44:04,121.800242,31.150262
15379,1,4/1/2018 10:44:08,121.8036,31.153325
18749,1,4/1/2018 10:44:08,121.799193,31.150548
23544,1,4/1/2018 10:44:59,121.80478,31.143138
20388,1,4/1/2018 10:45:21,121.800815,31.153283
23455,1,4/1/2018 10:46:14,121.80285,31.154083
25992,1,4/1/2018 10:46:14,121.803675,31.15366
10004,1,4/1/2018 10:46:35,121.804065,31.152848
21055,1,4/1/2018 10:48:56,121.804108,31.153125
27310,1,4/1/2018 10:49:17,121.803593,31.1532
20210,1,4/1/2018 10:50:10,121.803985,31.153228
15983,1,4/1/2018 10:51:13,121.804303,31.151758
21870,1,4/1/2018 10:51:43,121.800303,31.149973
25397,1,4/1/2018 10:52:00,121.80049,31.150123
28435,1,4/1/2018 10:52:07,121.801508,31.151642
28451,1,4/1/2018 10:53:39,121.803763,31.153385
15569,1,4/1/2018 10:54:05,121.798602,31.155727
30119,1,4/1/2018 10:54:13,121.800302,31.150235
20715,1,4/1/2018 10:55:44,121.800087,31.150612
13713,1,4/1/2018 10:56:16,121.803908,31.153227
16161,1,4/1/2018 10:56:25,121.799127,31.151138
15912,1,4/1/2018 10:56:53,121.801183,31.150063
22089,1,4/1/2018 10:57:38,121.80014,31.150403
20161,1,4/1/2018 10:57:39,121.800232,31.151915
22062,1,4/1/2018 10:57:51,121.800298,31.152467
28445,1,4/1/2018 10:58:07,121.804038,31.15268
15940,1,4/1/2018 10:59:16,121.804532,31.152912
15119,1,4/1/2018 11:00:02,121.801308,31.149742
16747,1,4/1/2018 11:00:02,121.80345,31.153462
23314,1,4/1/2018 11:00:02,121.805467,31.149377
14402,1,4/1/2018 11:00:03,121.800013,31.150283
18063,1,4/1/2018 11:00:03,121.805568,31.149122
18739,1,4/1/2018 11:00:03,121.800688,31.151667
13437,1,4/1/2018 11:00:04,121.806005,31.148087
26652,1,4/1/2018 11:00:04,121.801572,31.151702
27202,1,4/1/2018 11:00:04,121.805373,31.149365
28524,1,4/1/2018 11:00:04,121.805973,31.147913
15899,1,4/1/2018 11:00:06,121.802553,31.145475
16565,1,4/1/2018 11:00:06,121.804273,31.151828
14561,1,4/1/2018 11:00:08,121.80526,31.149575
15940,1,4/1/2018 11:00:08,121.804675,31.153023
16667,1,4/1/2018 11:00:08,121.805622,31.148977
27613,1,4/1/2018 11:00:08,121.80138,31.149677
20161,1,4/1/2018 11:00:09,121.801473,31.147217
21493,1,4/1/2018 11:00:09,121.805897,31.14802
27092,1,4/1/2018 11:00:09,121.801257,31.149852
25160,1,4/1/2018 11:00:10,121.801488,31.149303
16565,1,4/1/2018 11:00:16,121.804282,31.151848
21552,1,4/1/2018 11:00:32,121.801683,31.149943
16565,1,4/1/2018 11:00:36,121.80434,31.151858
15569,1,4/1/2018 11:00:41,121.799928,31.151982
21358,1,4/1/2018 11:00:43,121.80388,31.15329
16630,1,4/1/2018 11:01:01,121.800437,31.152335
16630,1,4/1/2018 11:01:08,121.800437,31.152335
10899,1,4/1/2018 11:01:09,121.801298,31.149835
27252,1,4/1/2018 11:01:10,121.80442,31.151182
25849,1,4/1/2018 11:01:33,121.803337,31.149302
18774,1,4/1/2018 11:01:35,121.803568,31.153068
16834,1,4/1/2018 11:02:09,121.800528,31.151957
13436,1,4/1/2018 11:02:25,121.803093,31.15398
15921,1,4/1/2018 11:02:39,121.80387,31.145697
10277,1,4/1/2018 11:02:42,121.799202,31.153222
16253,1,4/1/2018 11:02:44,121.803335,31.153873
17309,1,4/1/2018 11:02:48,121.804298,31.151758
26944,1,4/1/2018 11:03:05,121.799007,31.152813
20027,1,4/1/2018 11:03:26,121.803273,31.154138
20027,1,4/1/2018 11:03:36,121.803265,31.154142
21153,1,4/1/2018 11:03:42,121.805977,31.147653
18739,1,4/1/2018 11:04:03,121.803038,31.154697
17309,1,4/1/2018 11:04:18,121.804287,31.151733
26507,1,4/1/2018 11:04:18,121.800033,31.152045
20323,1,4/1/2018 11:05:11,121.799647,31.152567
13764,1,4/1/2018 11:05:15,121.803408,31.153558
21903,1,4/1/2018 11:05:23,121.804037,31.152277
30140,1,4/1/2018 11:05:38,121.799375,31.152912
10466,1,4/1/2018 11:05:45,121.804102,31.152177
22050,1,4/1/2018 11:06:11,121.800325,31.15165
15972,1,4/1/2018 11:06:46,121.799882,31.152117
27429,1,4/1/2018 11:06:50,121.804482,31.151508
10217,1,4/1/2018 11:07:17,121.804055,31.15215
10674,1,4/1/2018 11:07:34,121.803698,31.153148
18863,1,4/1/2018 11:07:36,121.803628,31.153115
17437,1,4/1/2018 11:07:45,121.803535,31.153172
16027,1,4/1/2018 11:07:55,121.80367,31.152732
28223,1,4/1/2018 11:07:59,121.804323,31.152295
14383,1,4/1/2018 11:08:19,121.800198,31.148262
26637,1,4/1/2018 11:08:43,121.803582,31.1535
18773,1,4/1/2018 11:10:18,121.799808,31.152128
22045,1,4/1/2018 11:10:26,121.804253,31.150965
14960,1,4/1/2018 11:10:35,121.80015,31.152703
22085,1,4/1/2018 11:10:46,121.799178,31.153362
16140,1,4/1/2018 11:11:31,121.80077,31.150158
25399,1,4/1/2018 11:11:31,121.803962,31.152565
25273,1,4/1/2018 11:12:19,121.803398,31.153342
14064,1,4/1/2018 11:12:40,121.800742,31.150995
11867,1,4/1/2018 11:13:51,121.803975,31.152487
14159,1,4/1/2018 11:14:05,121.803423,31.15389
10715,1,4/1/2018 11:14:15,121.799813,31.152338
23405,1,4/1/2018 11:14:25,121.799478,31.153038
15846,1,4/1/2018 11:15:02,121.799965,31.15269
15818,1,4/1/2018 11:15:12,121.799907,31.152615
16328,1,4/1/2018 11:16:50,121.804168,31.152822
26880,1,4/1/2018 11:16:52,121.800038,31.152512
21120,1,4/1/2018 11:17:35,121.799248,31.153083
28598,1,4/1/2018 11:18:38,121.799475,31.152777
21103,1,4/1/2018 11:19:09,121.803618,31.153003
21103,1,4/1/2018 11:19:19,121.803618,31.153003
21437,1,4/1/2018 11:20:15,121.80035,31.150978
26600,1,4/1/2018 11:21:04,121.80314,31.154097
13766,1,4/1/2018 11:21:32,121.80174,31.1499
30010,1,4/1/2018 11:21:44,121.803597,31.153363
20806,1,4/1/2018 11:23:08,121.803488,31.153838
20806,1,4/1/2018 11:23:09,121.803493,31.15384
17726,1,4/1/2018 11:23:34,121.804013,31.152503
20382,1,4/1/2018 11:23:34,121.804228,31.152738
27704,1,4/1/2018 11:23:34,121.80404,31.152273
27551,1,4/1/2018 11:23:39,121.799548,31.152713
17776,1,4/1/2018 11:23:51,121.804033,31.153443
10258,1,4/1/2018 11:24:12,121.800127,31.152397
14869,1,4/1/2018 11:24:35,121.799375,31.152465
27362,1,4/1/2018 11:24:37,121.80397,31.152165
16549,1,4/1/2018 11:24:56,121.805823,31.148477
25643,1,4/1/2018 11:25:40,121.799267,31.153278
18021,1,4/1/2018 11:27:34,121.80325,31.154197
25099,1,4/1/2018 11:28:22,121.803432,31.15378
21416,1,4/1/2018 11:29:09,121.802665,31.15573
20875,1,4/1/2018 11:29:15,121.803735,31.152998
15187,1,4/1/2018 11:30:18,121.803603,31.153475
11451,1,4/1/2018 11:30:50,121.799402,31.152683
14416,1,4/1/2018 11:31:59,121.799328,31.152997
15028,1,4/1/2018 11:32:00,121.800568,31.149908
28581,1,4/1/2018 11:32:40,121.800323,31.152085
12810,1,4/1/2018 11:33:53,121.79987,31.15202
14515,1,4/1/2018 11:35:17,121.799903,31.152422
14066,1,4/1/2018 11:35:31,121.804042,31.152138
28524,1,4/1/2018 11:36:20,121.803875,31.153257
13617,1,4/1/2018 11:36:40,121.799323,31.15295
23387,1,4/1/2018 11:37:03,121.803063,31.153885
14960,1,4/1/2018 11:37:09,121.803292,31.15348
12887,1,4/1/2018 11:37:12,121.804217,31.151927
23387,1,4/1/2018 11:37:33,121.80255,31.156338
11966,1,4/1/2018 11:37:35,121.802435,31.156728
30042,1,4/1/2018 11:38:35,121.804037,31.152138
27492,1,4/1/2018 11:39:14,121.803712,31.153165
21130,1,4/1/2018 11:39:35,121.799887,31.152322
26180,1,4/1/2018 11:39:37,121.803748,31.152822
23314,1,4/1/2018 11:39:39,121.803035,31.15447
30012,1,4/1/2018 11:40:43,121.799603,31.15247
26897,1,4/1/2018 11:41:11,121.799423,31.152877
23920,1,4/1/2018 11:41:43,121.800975,31.148015
30201,1,4/1/2018 11:41:45,121.804245,31.152012
17179,1,4/1/2018 11:42:04,121.79952,31.152753
15232,1,4/1/2018 11:42:17,121.80009,31.151212
14848,1,4/1/2018 11:43:16,121.803978,31.153232
20379,1,4/1/2018 11:43:21,121.803962,31.152182
16289,1,4/1/2018 11:43:59,121.804263,31.15169
27419,1,4/1/2018 11:44:17,121.799183,31.1531
13199,1,4/1/2018 11:44:32,121.80418,31.151978
26459,1,4/1/2018 11:44:37,121.800697,31.149395
12962,1,4/1/2018 11:45:14,121.804242,31.151653
30190,1,4/1/2018 11:45:33,121.80051,31.153947
20164,1,4/1/2018 11:45:53,121.804148,31.152155
25961,1,4/1/2018 11:46:00,121.799787,31.152658
20958,1,4/1/2018 11:46:36,121.805392,31.149417
20312,1,4/1/2018 11:46:37,121.798317,31.155665
14543,1,4/1/2018 11:47:09,121.803755,31.152692
12925,1,4/1/2018 11:47:50,121.804163,31.151973
26683,1,4/1/2018 11:47:57,121.799797,31.152203
12925,1,4/1/2018 11:48:07,121.804163,31.151973
11889,1,4/1/2018 11:49:08,121.804025,31.152322
20508,1,4/1/2018 11:49:08,121.803607,31.153523
25960,1,4/1/2018 11:49:17,121.804262,31.151863
23526,1,4/1/2018 11:49:41,121.805363,31.149517
27783,1,4/1/2018 11:51:10,121.80399,31.152545
25960,1,4/1/2018 11:52:35,121.80018,31.15757
13437,1,4/1/2018 11:52:52,121.803742,31.153258
20100,1,4/1/2018 11:53:05,121.799943,31.152553
28283,1,4/1/2018 11:53:21,121.80003,31.152485
11711,1,4/1/2018 11:53:35,121.803657,31.153267
11608,1,4/1/2018 11:54:48,121.803472,31.153645
16549,1,4/1/2018 11:56:05,121.803608,31.152758
18060,1,4/1/2018 11:56:18,121.803555,31.15333
18783,1,4/1/2018 11:56:31,121.805438,31.148683
18007,1,4/1/2018 11:56:39,121.803343,31.15397
17034,1,4/1/2018 11:57:23,121.803617,31.153075
28647,1,4/1/2018 11:58:19,121.80028,31.152162
21234,1,4/1/2018 11:58:20,121.79965,31.152393
16943,1,4/1/2018 11:58:37,121.805305,31.149825
13524,1,4/1/2018 11:58:56,121.79959,31.152273
18847,1,4/1/2018 11:59:03,121.803772,31.152877
11991,1,4/1/2018 11:59:37,121.801595,31.151817
27388,1,4/1/2018 11:59:44,121.799627,31.152983
22002,1,4/1/2018 12:00:02,121.805472,31.149203
11958,1,4/1/2018 12:00:03,121.801565,31.149732
20699,1,4/1/2018 12:00:03,121.801592,31.149072
25955,1,4/1/2018 12:00:04,121.803878,31.145658
27751,1,4/1/2018 12:00:04,121.804433,31.150403
12737,1,4/1/2018 12:00:05,121.801445,31.14952
21502,1,4/1/2018 12:00:05,121.805748,31.148752
15017,1,4/1/2018 12:00:06,121.805677,31.14898
16065,1,4/1/2018 12:00:06,121.801592,31.149322
18057,1,4/1/2018 12:00:06,121.80173,31.149502
18338,1,4/1/2018 12:00:06,121.805403,31.149485
14079,1,4/1/2018 12:00:07,121.801458,31.14963
16370,1,4/1/2018 12:00:07,121.805257,31.148963
21493,1,4/1/2018 12:00:07,121.805827,31.147722
21979,1,4/1/2018 12:00:07,121.804752,31.150545
28581,1,4/1/2018 12:00:07,121.803605,31.152005
15611,1,4/1/2018 12:00:08,121.801815,31.14948
26556,1,4/1/2018 12:00:08,121.801527,31.149443
12947,1,4/1/2018 12:00:09,121.805975,31.147907
13648,1,4/1/2018 12:00:09,121.80546,31.149368
14880,1,4/1/2018 12:00:09,121.801633,31.149817
28073,1,4/1/2018 12:00:09,121.801807,31.150028
28431,1,4/1/2018 12:00:09,121.805692,31.14889
28647,1,4/1/2018 12:00:09,121.801057,31.151327
18847,1,4/1/2018 12:00:10,121.803393,31.153775
26410,1,4/1/2018 12:00:10,121.801765,31.149895
15039,1,4/1/2018 12:00:11,121.80174,31.149135
26539,1,4/1/2018 12:00:11,121.801498,31.14973
10172,1,4/1/2018 12:01:00,121.803695,31.152748
20158,1,4/1/2018 12:01:14,121.80358,31.153613
30029,1,4/1/2018 12:01:38,121.803633,31.153235
30195,1,4/1/2018 12:01:57,121.80343,31.152068
20155,1,4/1/2018 12:01:58,121.804248,31.151868
13262,1,4/1/2018 12:02:16,121.803282,31.153828
30244,1,4/1/2018 12:02:33,121.803198,31.153723
12902,1,4/1/2018 12:02:39,121.799395,31.152693
13262,1,4/1/2018 12:02:46,121.803278,31.153828
26786,1,4/1/2018 12:02:51,121.799402,31.153225
28379,1,4/1/2018 12:02:55,121.80394,31.15255
25877,1,4/1/2018 12:03:07,121.803997,31.152553
20327,1,4/1/2018 12:03:30,121.80331,31.153462
25758,1,4/1/2018 12:04:37,121.804082,31.151852
26863,1,4/1/2018 12:04:50,121.80397,31.152185
15698,1,4/1/2018 12:05:17,121.801247,31.149847
13812,1,4/1/2018 12:06:35,121.799602,31.152703
14246,1,4/1/2018 12:07:34,121.799555,31.155347
17757,1,4/1/2018 12:08:50,121.800268,31.149788
27136,1,4/1/2018 12:08:52,121.803662,31.152068
17331,1,4/1/2018 12:10:00,121.799848,31.152173
12859,1,4/1/2018 12:10:47,121.803432,31.153655
16241,1,4/1/2018 12:11:02,121.79937,31.152968
12859,1,4/1/2018 12:11:17,121.80342,31.153677
26866,1,4/1/2018 12:11:33,121.804815,31.15227
17727,1,4/1/2018 12:11:40,121.803533,31.153513
10276,1,4/1/2018 12:11:52,121.803715,31.15306
27000,1,4/1/2018 12:11:55,121.803738,31.153033
20256,1,4/1/2018 12:11:56,121.803648,31.153007
20142,1,4/1/2018 12:14:39,121.80071,31.150322
25960,1,4/1/2018 12:15:02,121.800225,31.15742
25060,1,4/1/2018 12:15:44,121.79935,31.15281
27036,1,4/1/2018 12:17:36,121.803332,31.1542
12836,1,4/1/2018 12:19:07,121.804085,31.152155
12836,1,4/1/2018 12:19:27,121.804085,31.152155
17696,1,4/1/2018 12:19:37,121.803932,31.152473
21816,1,4/1/2018 12:19:48,121.803632,31.152925
21816,1,4/1/2018 12:20:08,121.803632,31.152925
18660,1,4/1/2018 12:21:14,121.804327,31.151675
23657,1,4/1/2018 12:22:21,121.803618,31.14529
27756,1,4/1/2018 12:22:36,121.803885,31.151983
16905,1,4/1/2018 12:22:49,121.804027,31.152155
21108,1,4/1/2018 12:23:51,121.80433,31.151683
17449,1,4/1/2018 12:24:06,121.803005,31.154542
14915,1,4/1/2018 12:24:21,121.799267,31.15304
21108,1,4/1/2018 12:24:31,121.80433,31.151683
27982,1,4/1/2018 12:24:51,121.803698,31.152798
11492,1,4/1/2018 12:26:04,121.803702,31.15275
20027,1,4/1/2018 12:26:09,121.804447,31.151112
20027,1,4/1/2018 12:26:29,121.804112,31.152042
20558,1,4/1/2018 12:27:46,121.799407,31.15298
20324,1,4/1/2018 12:28:03,121.799778,31.152253
21096,1,4/1/2018 12:28:14,121.804395,31.151273
16863,1,4/1/2018 12:28:23,121.804105,31.151983
16863,1,4/1/2018 12:28:33,121.804105,31.151983
17465,1,4/1/2018 12:28:42,121.799325,31.153077
20521,1,4/1/2018 12:28:48,121.803995,31.152303
20778,1,4/1/2018 12:28:51,121.80323,31.153893
12840,1,4/1/2018 12:29:05,121.799407,31.152795
17141,1,4/1/2018 12:30:16,121.799493,31.152828
30222,1,4/1/2018 12:31:09,121.803633,31.153587
21942,1,4/1/2018 12:31:26,121.799318,31.153072
26181,1,4/1/2018 12:32:05,121.799328,31.15289
27794,1,4/1/2018 12:33:12,121.803892,31.152693
15049,1,4/1/2018 12:33:20,121.804285,31.15183
25828,1,4/1/2018 12:33:27,121.803753,31.152688
18057,1,4/1/2018 12:33:46,121.800792,31.150738
17361,1,4/1/2018 12:33:59,121.79962,31.153425
17216,1,4/1/2018 12:35:01,121.803493,31.152628
27649,1,4/1/2018 12:35:11,121.803932,31.152263
20747,1,4/1/2018 12:35:38,121.80411,31.152078
18336,1,4/1/2018 12:35:40,121.804082,31.152233
28343,1,4/1/2018 12:36:17,121.803703,31.152757
20498,1,4/1/2018 12:36:35,121.802488,31.151867
15537,1,4/1/2018 12:36:36,121.800283,31.152005
27729,1,4/1/2018 12:36:38,121.799757,31.152623
14210,1,4/1/2018 12:36:43,121.799287,31.152987
13406,1,4/1/2018 12:36:49,121.80427,31.151708
26203,1,4/1/2018 12:38:02,121.803708,31.153085
20545,1,4/1/2018 12:38:45,121.8031,31.152307
26572,1,4/1/2018 12:38:52,121.802893,31.152472
25960,1,4/1/2018 12:39:19,121.802305,31.156455
17226,1,4/1/2018 12:39:50,121.799227,31.15319
15617,1,4/1/2018 12:39:52,121.803292,31.15442
17226,1,4/1/2018 12:40:10,121.799227,31.15319
14109,1,4/1/2018 12:40:17,121.804322,31.151587
21738,1,4/1/2018 12:41:34,121.803565,31.152997
26004,1,4/1/2018 12:41:34,121.802147,31.157318
11327,1,4/1/2018 12:41:38,121.804135,31.15188
11327,1,4/1/2018 12:42:06,121.803962,31.153345
25067,1,4/1/2018 12:42:51,121.79964,31.152517
11955,1,4/1/2018 12:44:01,121.79912,31.15336
16298,1,4/1/2018 12:44:12,121.803273,31.153867
30045,1,4/1/2018 12:44:44,121.79944,31.152297
11889,1,4/1/2018 12:44:55,121.799523,31.152538
13619,1,4/1/2018 12:46:01,121.799022,31.153712
16418,1,4/1/2018 12:46:58,121.804033,31.152187
13433,1,4/1/2018 12:47:01,121.80402,31.152427
20254,1,4/1/2018 12:47:06,121.800138,31.152385
20963,1,4/1/2018 12:47:22,121.805842,31.148368
10867,1,4/1/2018 12:47:40,121.79951,31.152707
15931,1,4/1/2018 12:48:15,121.80401,31.15322
20726,1,4/1/2018 12:48:37,121.804417,31.151248
14960,1,4/1/2018 12:48:48,121.799188,31.153295
12892,1,4/1/2018 12:49:19,121.804042,31.152253
14094,1,4/1/2018 12:49:33,121.803457,31.153917
17193,1,4/1/2018 12:49:37,121.803027,31.152512
15435,1,4/1/2018 12:49:41,121.799247,31.152907
20291,1,4/1/2018 12:50:37,121.799407,31.152942
25628,1,4/1/2018 12:50:40,121.804082,31.152078
27564,1,4/1/2018 12:50:41,121.79923,31.153292
11511,1,4/1/2018 12:50:46,121.804227,31.151712
27538,1,4/1/2018 12:50:50,121.804238,31.151965
10035,1,4/1/2018 12:51:00,121.801433,31.147347
30133,1,4/1/2018 12:51:02,121.800073,31.152183
11511,1,4/1/2018 12:51:06,121.804227,31.151712
14473,1,4/1/2018 12:51:20,121.803547,31.153135
27038,1,4/1/2018 12:51:34,121.804155,31.152107
11540,1,4/1/2018 12:53:40,121.804048,31.152157
26206,1,4/1/2018 12:54:32,121.803502,31.151993
16884,1,4/1/2018 12:56:27,121.7991,31.153028
20733,1,4/1/2018 12:57:08,121.803615,31.154317
20733,1,4/1/2018 12:57:18,121.803608,31.154265
15307,1,4/1/2018 12:57:24,121.804232,31.152005
20805,1,4/1/2018 12:57:31,121.799277,31.15323
30032,1,4/1/2018 12:57:47,121.799447,31.152305
10977,1,4/1/2018 12:58:20,121.803812,31.152563
10044,1,4/1/2018 12:58:39,121.801567,31.152087
21248,1,4/1/2018 12:58:48,121.799775,31.152458
21233,1,4/1/2018 12:58:55,121.803562,31.153688
10149,1,4/1/2018 12:59:22,121.801845,31.149125
10358,1,4/1/2018 13:00:00,121.802517,31.149375
14215,1,4/1/2018 13:00:03,121.802595,31.149043
23861,1,4/1/2018 13:00:03,121.802507,31.149342
13388,1,4/1/2018 13:00:04,121.801593,31.149752
20498,1,4/1/2018 13:00:04,121.801922,31.149097
30163,1,4/1/2018 13:00:04,121.801752,31.149352
30032,1,4/1/2018 13:00:06,121.802975,31.149722
17083,1,4/1/2018 13:00:07,121.805825,31.148157
25906,1,4/1/2018 13:00:07,121.80166,31.148982
25758,1,4/1/2018 13:00:10,121.800407,31.151285
20611,1,4/1/2018 13:01:37,121.80428,31.151875
20611,1,4/1/2018 13:01:42,121.804232,31.15199
20611,1,4/1/2018 13:01:46,121.804202,31.152058
21506,1,4/1/2018 13:01:46,121.799618,31.15264
13695,1,4/1/2018 13:02:37,121.804263,31.151695
20561,1,4/1/2018 13:02:38,121.805163,31.147535
12000,1,4/1/2018 13:03:55,121.803088,31.151802
20699,1,4/1/2018 13:04:00,121.80057,31.15047
26890,1,4/1/2018 13:04:18,121.803698,31.153212
17362,1,4/1/2018 13:04:25,121.80319,31.152548
12704,1,4/1/2018 13:04:36,121.804098,31.152315
21200,1,4/1/2018 13:04:53,121.799543,31.153123
14450,1,4/1/2018 13:05:04,121.800422,31.152362
30153,1,4/1/2018 13:05:34,121.804167,31.152407
21056,1,4/1/2018 13:06:20,121.804068,31.152265
16016,1,4/1/2018 13:06:48,121.802772,31.153332
28607,1,4/1/2018 13:07:09,121.804348,31.152485
20937,1,4/1/2018 13:07:17,121.804235,31.152357
28607,1,4/1/2018 13:07:40,121.803932,31.153222
21558,1,4/1/2018 13:08:11,121.802928,31.153935
26236,1,4/1/2018 13:10:11,121.803993,31.152453
17184,1,4/1/2018 13:10:25,121.803688,31.153495
10671,1,4/1/2018 13:10:39,121.799858,31.15198
26481,1,4/1/2018 13:10:45,121.803788,31.152122
20074,1,4/1/2018 13:11:55,121.803935,31.152462
30116,1,4/1/2018 13:12:59,121.803622,31.15336
10829,1,4/1/2018 13:13:21,121.804318,31.151777
12842,1,4/1/2018 13:14:13,121.803963,31.152773
21665,1,4/1/2018 13:15:12,121.803795,31.153748
27512,1,4/1/2018 13:15:32,121.79928,31.15277
14798,1,4/1/2018 13:15:33,121.803957,31.152737
12704,1,4/1/2018 13:16:40,121.800908,31.150167
23898,1,4/1/2018 13:16:45,121.80398,31.15249
16690,1,4/1/2018 13:16:57,121.803762,31.151915
16943,1,4/1/2018 13:17:08,121.80455,31.15357
17082,1,4/1/2018 13:17:10,121.799398,31.153073
16856,1,4/1/2018 13:18:04,121.804092,31.152363
17418,1,4/1/2018 13:18:17,121.805513,31.148195
16856,1,4/1/2018 13:18:24,121.804123,31.152452
16856,1,4/1/2018 13:18:34,121.804123,31.152452
17081,1,4/1/2018 13:19:04,121.80268,31.152833
26405,1,4/1/2018 13:19:09,121.803455,31.15401
13579,1,4/1/2018 13:19:47,121.799392,31.15261
17118,1,4/1/2018 13:20:14,121.804177,31.152527
17118,1,4/1/2018 13:20:34,121.804177,31.152527
17730,1,4/1/2018 13:20:42,121.800995,31.15562
10299,1,4/1/2018 13:21:03,121.804038,31.152047
20024,1,4/1/2018 13:21:13,121.800282,31.152418
30242,1,4/1/2018 13:21:52,121.80416,31.152217
20094,1,4/1/2018 13:21:54,121.803782,31.153205
28180,1,4/1/2018 13:22:48,121.80424,31.152015
30029,1,4/1/2018 13:23:54,121.80013,31.152038
18042,1,4/1/2018 13:24:07,121.804665,31.15118
17402,1,4/1/2018 13:24:12,121.79996,31.152547
17402,1,4/1/2018 13:24:32,121.79996,31.152547
25490,1,4/1/2018 13:24:41,121.803505,31.153895
17858,1,4/1/2018 13:25:05,121.803647,31.153863
16130,1,4/1/2018 13:25:08,121.802912,31.155622
26192,1,4/1/2018 13:25:35,121.80339,31.1539
23637,1,4/1/2018 13:28:07,121.799248,31.152603
17604,1,4/1/2018 13:28:10,121.803462,31.153955
10881,1,4/1/2018 13:28:33,121.803045,31.15531
18905,1,4/1/2018 13:28:35,121.799235,31.152757
20939,1,4/1/2018 13:29:28,121.803708,31.153575
28591,1,4/1/2018 13:29:44,121.804048,31.15244
20458,1,4/1/2018 13:30:04,121.803672,31.153438
25526,1,4/1/2018 13:30:05,121.803973,31.152753
15264,1,4/1/2018 13:30:41,121.799652,31.15204
30113,1,4/1/2018 13:31:11,121.802743,31.145107
13421,1,4/1/2018 13:32:08,121.804133,31.15197
18042,1,4/1/2018 13:33:27,121.804735,31.153255
20173,1,4/1/2018 13:33:27,121.804072,31.152517
18208,1,4/1/2018 13:33:32,121.805605,31.149162
28318,1,4/1/2018 13:33:42,121.804223,31.151933
13238,1,4/1/2018 13:34:06,121.80404,31.152993
22078,1,4/1/2018 13:34:06,121.80365,31.153722
17071,1,4/1/2018 13:34:08,121.7994,31.153047
20647,1,4/1/2018 13:34:14,121.801107,31.152192
22078,1,4/1/2018 13:34:36,121.80365,31.153722
23731,1,4/1/2018 13:34:47,121.803172,31.153695
15332,1,4/1/2018 13:34:58,121.799207,31.153063
21140,1,4/1/2018 13:35:06,121.804128,31.152523
23731,1,4/1/2018 13:35:07,121.803157,31.153712
21320,1,4/1/2018 13:35:10,121.804165,31.15266
28580,1,4/1/2018 13:35:36,121.799667,31.153223
18063,1,4/1/2018 13:36:05,121.804383,31.151797
21378,1,4/1/2018 13:38:14,121.799553,31.15228
13902,1,4/1/2018 13:39:14,121.803828,31.152973
10425,1,4/1/2018 13:40:08,121.804095,31.152655
18923,1,4/1/2018 13:40:33,121.803915,31.153013
21733,1,4/1/2018 13:41:34,121.804112,31.152223
10409,1,4/1/2018 13:41:47,121.804277,31.152052
10409,1,4/1/2018 13:41:57,121.804277,31.152052
20312,1,4/1/2018 13:42:20,121.803513,31.154245
20312,1,4/1/2018 13:42:30,121.803513,31.154245
15421,1,4/1/2018 13:43:32,121.804007,31.15264
15300,1,4/1/2018 13:43:42,121.80407,31.15256
28070,1,4/1/2018 13:44:06,121.803797,31.153123
25971,1,4/1/2018 13:44:09,121.799967,31.151423
23328,1,4/1/2018 13:44:14,121.803972,31.152727
25893,1,4/1/2018 13:44:40,121.804278,31.144665
27964,1,4/1/2018 13:44:54,121.804063,31.15266
27945,1,4/1/2018 13:45:00,121.804002,31.152928
26316,1,4/1/2018 13:45:08,121.804092,31.152305
28524,1,4/1/2018 13:45:34,121.803963,31.15283
25657,1,4/1/2018 13:45:39,121.800005,31.152915
21102,1,4/1/2018 13:46:03,121.80545,31.149372
26380,1,4/1/2018 13:46:06,121.80328,31.153282
23595,1,4/1/2018 13:46:08,121.805478,31.14932
30173,1,4/1/2018 13:46:36,121.804135,31.152565
18231,1,4/1/2018 13:46:43,121.803973,31.152467
26019,1,4/1/2018 13:46:49,121.799735,31.152058
11878,1,4/1/2018 13:46:54,121.803605,31.15368
30028,1,4/1/2018 13:47:14,121.803338,31.153
12756,1,4/1/2018 13:47:29,121.804073,31.152438
11878,1,4/1/2018 13:47:34,121.803625,31.153707
28194,1,4/1/2018 13:47:36,121.79944,31.153137
20460,1,4/1/2018 13:47:40,121.803673,31.15411
21271,1,4/1/2018 13:48:10,121.803965,31.152548
17654,1,4/1/2018 13:48:19,121.803892,31.152872
13383,1,4/1/2018 13:49:32,121.800223,31.15212
17042,1,4/1/2018 13:49:54,121.803717,31.153398
23796,1,4/1/2018 13:50:04,121.80414,31.152123
17654,1,4/1/2018 13:50:08,121.803892,31.152872
23534,1,4/1/2018 13:50:10,121.799262,31.15289
17654,1,4/1/2018 13:50:28,121.803432,31.153872
27946,1,4/1/2018 13:51:16,121.803442,31.153818
26416,1,4/1/2018 13:51:35,121.799447,31.153305
30127,1,4/1/2018 13:51:39,121.804325,31.152072
26457,1,4/1/2018 13:51:42,121.804083,31.152092
16984,1,4/1/2018 13:51:46,121.799447,31.153375
28295,1,4/1/2018 13:52:00,121.79996,31.15304
20521,1,4/1/2018 13:52:10,121.80376,31.153483
17654,1,4/1/2018 13:52:23,121.800463,31.150628
17654,1,4/1/2018 13:52:33,121.800633,31.149313
27445,1,4/1/2018 13:52:39,121.800008,31.152683
15944,1,4/1/2018 13:53:14,121.799148,31.15313
12657,1,4/1/2018 13:53:17,121.80108,31.148138
18828,1,4/1/2018 13:53:39,121.79982,31.151995
27142,1,4/1/2018 13:54:11,121.804157,31.15205
18957,1,4/1/2018 13:54:45,121.800185,31.151162
25344,1,4/1/2018 13:54:45,121.804112,31.151977
15598,1,4/1/2018 13:55:05,121.803768,31.153462
25545,1,4/1/2018 13:55:35,121.804118,31.152148
15068,1,4/1/2018 13:55:53,121.799445,31.152693
25069,1,4/1/2018 13:56:09,121.799798,31.151958
27022,1,4/1/2018 13:56:12,121.804038,31.152252
21370,1,4/1/2018 13:56:14,121.803927,31.152535
15119,1,4/1/2018 13:56:18,121.803528,31.154322
10288,1,4/1/2018 13:56:29,121.799527,31.152685
13326,1,4/1/2018 13:56:32,121.799268,31.152993
21370,1,4/1/2018 13:56:34,121.804015,31.152543
16826,1,4/1/2018 13:56:41,121.803507,31.153643
27785,1,4/1/2018 13:56:41,121.803517,31.153552
27098,1,4/1/2018 13:57:00,121.80373,31.15342
17286,1,4/1/2018 13:57:10,121.80375,31.153047
18208,1,4/1/2018 13:57:13,121.803442,31.152877
27070,1,4/1/2018 13:57:49,121.803582,31.153485
26940,1,4/1/2018 13:58:29,121.804235,31.151838
17113,1,4/1/2018 13:58:55,121.803922,31.152855
21308,1,4/1/2018 13:58:56,121.804228,31.152533
27021,1,4/1/2018 13:59:12,121.80348,31.154077
16002,1,4/1/2018 13:59:15,121.80427,31.151783
25586,1,4/1/2018 13:59:29,121.804202,31.151867
18903,1,4/1/2018 13:59:33,121.800137,31.151732
13415,1,4/1/2018 13:59:40,121.799953,31.152393
17834,1,4/1/2018 13:59:49,121.803812,31.153103
17249,1,4/1/2018 14:00:03,121.803313,31.154023
13140,1,4/1/2018 14:00:46,121.803535,31.153448
28396,1,4/1/2018 14:00:49,121.803468,31.153528
22080,1,4/1/2018 14:00:54,121.803385,31.153935
15736,1,4/1/2018 14:01:04,121.803702,31.153588
22080,1,4/1/2018 14:01:14,121.803385,31.153935
18018,1,4/1/2018 14:01:34,121.803722,31.153378
11689,1,4/1/2018 14:01:48,121.799973,31.158947
17228,1,4/1/2018 14:01:53,121.804158,31.15211
22114,1,4/1/2018 14:02:04,121.800138,31.1522
21831,1,4/1/2018 14:02:10,121.805705,31.14868
15398,1,4/1/2018 14:02:11,121.799302,31.15282
15218,1,4/1/2018 14:02:42,121.802542,31.147338
18077,1,4/1/2018 14:02:42,121.804207,31.152217
21850,1,4/1/2018 14:03:37,121.80377,31.153382
26589,1,4/1/2018 14:03:39,121.803493,31.153445
26623,1,4/1/2018 14:03:54,121.804083,31.152338
13725,1,4/1/2018 14:04:04,121.799045,31.153337
16045,1,4/1/2018 14:04:35,121.804072,31.152145
17427,1,4/1/2018 14:04:48,121.803888,31.152825
14247,1,4/1/2018 14:05:05,121.803603,31.15372
20905,1,4/1/2018 14:05:13,121.80439,31.151765
15037,1,4/1/2018 14:05:33,121.79937,31.152792
10187,1,4/1/2018 14:05:56,121.803582,31.153913
10187,1,4/1/2018 14:06:16,121.803582,31.153913
10187,1,4/1/2018 14:06:26,121.803582,31.153913
20325,1,4/1/2018 14:06:32,121.80609,31.147708
23501,1,4/1/2018 14:06:34,121.804137,31.152012
20478,1,4/1/2018 14:07:40,121.799407,31.152513
25921,1,4/1/2018 14:07:49,121.79893,31.158955
21874,1,4/1/2018 14:08:26,121.804073,31.152417
20696,1,4/1/2018 14:08:29,121.803843,31.153557
20696,1,4/1/2018 14:08:49,121.803843,31.153557
30196,1,4/1/2018 14:09:35,121.804292,31.151823
14134,1,4/1/2018 14:10:56,121.804042,31.152302
30228,1,4/1/2018 14:11:00,121.80411,31.152322
29507,1,4/1/2018 14:11:32,121.80411,31.15206
28455,1,4/1/2018 14:12:36,121.800553,31.15211
26924,1,4/1/2018 14:12:42,121.803533,31.153625
10356,1,4/1/2018 14:13:02,121.803663,31.153455
23595,1,4/1/2018 14:13:02,121.803325,31.153797
27172,1,4/1/2018 14:13:46,121.803827,31.153477
26197,1,4/1/2018 14:14:18,121.799307,31.152947
20572,1,4/1/2018 14:14:50,121.799402,31.153028
16260,1,4/1/2018 14:15:37,121.803928,31.15281
26077,1,4/1/2018 14:15:39,121.804,31.15277
23518,1,4/1/2018 14:15:41,121.804302,31.151748
16710,1,4/1/2018 14:15:46,121.803568,31.153738
14441,1,4/1/2018 14:15:48,121.800433,31.149982
23518,1,4/1/2018 14:15:51,121.804302,31.151748
16260,1,4/1/2018 14:16:03,121.80368,31.153478
26335,1,4/1/2018 14:16:33,121.79955,31.152543
18773,1,4/1/2018 14:16:36,121.804092,31.151972
20160,1,4/1/2018 14:17:00,121.804023,31.152268
26531,1,4/1/2018 14:17:44,121.799773,31.151923
20646,1,4/1/2018 14:17:53,121.80417,31.151785
10755,1,4/1/2018 14:18:36,121.80409,31.151243
26561,1,4/1/2018 14:19:03,121.804055,31.152192
10465,1,4/1/2018 14:19:05,121.804832,31.150192
14941,1,4/1/2018 14:19:40,121.79971,31.152393
20230,1,4/1/2018 14:19:43,121.804152,31.151913
21482,1,4/1/2018 14:19:43,121.803467,31.154028
20100,1,4/1/2018 14:19:52,121.803443,31.15382
30012,1,4/1/2018 14:20:08,121.79947,31.152897
26373,1,4/1/2018 14:20:13,121.799467,31.152762
21025,1,4/1/2018 14:20:14,121.804017,31.152242
30199,1,4/1/2018 14:20:31,121.803655,31.153327
13803,1,4/1/2018 14:20:42,121.80353,31.153428
28537,1,4/1/2018 14:21:06,121.803665,31.153498
15354,1,4/1/2018 14:21:44,121.804132,31.151928
27783,1,4/1/2018 14:22:38,121.799418,31.15255
15371,1,4/1/2018 14:22:39,121.803345,31.153617
15371,1,4/1/2018 14:22:49,121.803345,31.153617
12950,1,4/1/2018 14:23:05,121.799607,31.152265
15371,1,4/1/2018 14:23:19,121.803345,31.153617
16535,1,4/1/2018 14:23:24,121.799263,31.152903
21237,1,4/1/2018 14:23:35,121.80388,31.152675
28356,1,4/1/2018 14:23:36,121.805507,31.149377
17293,1,4/1/2018 14:23:43,121.804257,31.152482
14476,1,4/1/2018 14:23:49,121.799512,31.153027
15234,1,4/1/2018 14:24:20,121.799178,31.153348
20398,1,4/1/2018 14:24:32,121.800022,31.151748
15470,1,4/1/2018 14:24:37,121.800108,31.152355
27838,1,4/1/2018 14:25:10,121.804155,31.15198
16329,1,4/1/2018 14:25:49,121.80313,31.153475
16835,1,4/1/2018 14:25:53,121.799628,31.15229
14110,1,4/1/2018 14:26:35,121.803685,31.153213
27102,1,4/1/2018 14:26:51,121.799257,31.153073
15145,1,4/1/2018 14:27:32,121.803968,31.152482
18908,1,4/1/2018 14:27:54,121.804043,31.152225
26561,1,4/1/2018 14:28:41,121.804827,31.147952
23365,1,4/1/2018 14:29:33,121.804367,31.151445
23365,1,4/1/2018 14:29:33,121.804367,31.151445
28526,1,4/1/2018 14:29:54,121.802832,31.155617
30027,1,4/1/2018 14:29:59,121.803935,31.152058
11560,1,4/1/2018 14:30:03,121.803915,31.152018
30203,1,4/1/2018 14:30:16,121.805737,31.148693
18953,1,4/1/2018 14:30:45,121.799238,31.15309
16528,1,4/1/2018 14:31:32,121.799653,31.152248
16995,1,4/1/2018 14:32:08,121.803543,31.153597
17021,1,4/1/2018 14:32:26,121.803577,31.153528
17899,1,4/1/2018 14:32:33,121.80353,31.153123
22006,1,4/1/2018 14:32:54,121.804048,31.15213
15770,1,4/1/2018 14:33:02,121.79975,31.152765
20005,1,4/1/2018 14:33:38,121.804117,31.152298
27732,1,4/1/2018 14:33:38,121.801138,31.151745
18160,1,4/1/2018 14:33:53,121.804168,31.151915
22006,1,4/1/2018 14:34:07,121.804008,31.152172
18160,1,4/1/2018 14:34:13,121.804168,31.151915
15085,1,4/1/2018 14:35:06,121.804072,31.152285
20199,1,4/1/2018 14:35:26,121.803967,31.153282
14656,1,4/1/2018 14:35:29,121.803808,31.153247
28432,1,4/1/2018 14:35:34,121.804147,31.151952
17863,1,4/1/2018 14:35:36,121.799335,31.152783
18334,1,4/1/2018 14:35:40,121.799885,31.152763
30045,1,4/1/2018 14:35:40,121.80051,31.151648
28432,1,4/1/2018 14:36:24,121.804043,31.152113
30028,1,4/1/2018 14:36:33,121.803815,31.152822
13797,1,4/1/2018 14:37:11,121.799433,31.152755
15636,1,4/1/2018 14:37:40,121.803465,31.153542
14465,1,4/1/2018 14:38:45,121.804167,31.152092
10779,1,4/1/2018 14:38:50,121.803995,31.15228
18893,1,4/1/2018 14:39:13,121.804422,31.151587
15345,1,4/1/2018 14:39:15,121.799402,31.15259
20154,1,4/1/2018 14:39:25,121.8038,31.152893
21367,1,4/1/2018 14:40:11,121.803422,31.152918
21001,1,4/1/2018 14:40:20,121.80406,31.152005
14040,1,4/1/2018 14:40:35,121.803537,31.153665
21001,1,4/1/2018 14:40:40,121.80406,31.152005
10217,1,4/1/2018 14:40:50,121.803692,31.152962
21127,1,4/1/2018 14:40:56,121.803947,31.152917
18941,1,4/1/2018 14:41:04,121.803982,31.153363
26117,1,4/1/2018 14:41:12,121.804067,31.152217
25620,1,4/1/2018 14:42:15,121.79928,31.1531
21911,1,4/1/2018 14:42:32,121.799557,31.152385
27543,1,4/1/2018 14:42:34,121.803333,31.154873
18656,1,4/1/2018 14:42:38,121.80383,31.153113
14251,1,4/1/2018 14:42:42,121.804615,31.150697
10273,1,4/1/2018 14:42:52,121.799715,31.151918
17216,1,4/1/2018 14:42:55,121.803308,31.153833
30188,1,4/1/2018 14:44:14,121.799468,31.15292
15214,1,4/1/2018 14:44:34,121.803315,31.153203
11646,1,4/1/2018 14:44:36,121.80381,31.15283
15310,1,4/1/2018 14:44:47,121.803372,31.154208
11646,1,4/1/2018 14:45:16,121.803895,31.152807
11646,1,4/1/2018 14:45:36,121.803918,31.152827
16389,1,4/1/2018 14:45:44,121.803457,31.153533
27839,1,4/1/2018 14:46:33,121.800897,31.152113
25048,1,4/1/2018 14:47:16,121.803393,31.153613
26536,1,4/1/2018 14:47:27,121.804127,31.152255
30203,1,4/1/2018 14:47:36,121.804162,31.153595
16123,1,4/1/2018 14:47:42,121.80404,31.153162
14449,1,4/1/2018 14:48:01,121.799722,31.152048
25570,1,4/1/2018 14:48:33,121.800312,31.152458
17744,1,4/1/2018 14:48:58,121.803547,31.153348
21784,1,4/1/2018 14:49:43,121.803887,31.152448
25895,1,4/1/2018 14:50:19,121.804285,31.151802
13891,1,4/1/2018 14:51:02,121.803547,31.153655
11509,1,4/1/2018 14:51:21,121.804277,31.15181
30250,1,4/1/2018 14:51:34,121.803747,31.153333
15309,1,4/1/2018 14:51:39,121.803752,31.152915
17218,1,4/1/2018 14:51:47,121.799962,31.151755
16655,1,4/1/2018 14:51:57,121.80396,31.152447
17465,1,4/1/2018 14:52:16,121.803427,31.153468
22118,1,4/1/2018 14:52:27,121.803363,31.153888
15841,1,4/1/2018 14:52:36,121.79967,31.152772
14866,1,4/1/2018 14:52:37,121.799572,31.15206
22118,1,4/1/2018 14:52:37,121.803363,31.153888
27388,1,4/1/2018 14:52:56,121.803908,31.15246
12914,1,4/1/2018 14:53:06,121.799873,31.152
21125,1,4/1/2018 14:53:13,121.803382,31.154305
16345,1,4/1/2018 14:53:51,121.803817,31.153055
25868,1,4/1/2018 14:56:02,121.804033,31.15272
26630,1,4/1/2018 14:56:36,121.803948,31.15246
13056,1,4/1/2018 14:56:50,121.803762,31.152953
13920,1,4/1/2018 14:56:53,121.804242,31.151882
26030,1,4/1/2018 14:57:49,121.799532,31.153072
14446,1,4/1/2018 14:58:08,121.799647,31.15249
14230,1,4/1/2018 14:58:31,121.7992,31.153362
28379,1,4/1/2018 14:58:53,121.799117,31.154552
26792,1,4/1/2018 14:58:57,121.80368,31.152775
30108,1,4/1/2018 14:59:16,121.804333,31.15192
23886,1,4/1/2018 14:59:43,121.79949,31.153217
26762,1,4/1/2018 14:59:50,121.798585,31.151807
21880,1,4/1/2018 15:00:18,121.805767,31.148485
30130,1,4/1/2018 15:00:32,121.80408,31.152255
25575,1,4/1/2018 15:01:33,121.799182,31.153337
21513,1,4/1/2018 15:02:37,121.804272,31.151697
21248,1,4/1/2018 15:03:08,121.803493,31.153702
26922,1,4/1/2018 15:03:08,121.803695,31.153138
27034,1,4/1/2018 15:03:10,121.804243,31.151835
20012,1,4/1/2018 15:03:18,121.803868,31.152583
23552,1,4/1/2018 15:03:36,121.803173,31.15392
27959,1,4/1/2018 15:03:43,121.803683,31.152967
11276,1,4/1/2018 15:03:53,121.804198,31.152072
23606,1,4/1/2018 15:03:56,121.803853,31.152513
27469,1,4/1/2018 15:06:15,121.799258,31.153298
27245,1,4/1/2018 15:06:37,121.804007,31.153137
28647,1,4/1/2018 15:06:46,121.798977,31.15383
25560,1,4/1/2018 15:06:51,121.804395,31.151658
27245,1,4/1/2018 15:07:06,121.803735,31.153395
23910,1,4/1/2018 15:08:53,121.799245,31.152555
14538,1,4/1/2018 15:09:21,121.802775,31.155537
20142,1,4/1/2018 15:09:41,121.804187,31.152363
18784,1,4/1/2018 15:09:52,121.804107,31.152142
23708,1,4/1/2018 15:09:59,121.803842,31.152597
16070,1,4/1/2018 15:10:10,121.804333,31.151442
30148,1,4/1/2018 15:10:35,121.803992,31.152022
28192,1,4/1/2018 15:10:54,121.799262,31.153212
21879,1,4/1/2018 15:10:57,121.802878,31.153633
20571,1,4/1/2018 15:11:17,121.799613,31.152195
20742,1,4/1/2018 15:11:34,121.804525,31.151572
16649,1,4/1/2018 15:11:36,121.804298,31.151813
20742,1,4/1/2018 15:11:45,121.804507,31.151605
30031,1,4/1/2018 15:12:03,121.805648,31.154272
11620,1,4/1/2018 15:12:31,121.799037,31.15346
27293,1,4/1/2018 15:12:42,121.803173,31.153553
17378,1,4/1/2018 15:12:57,121.799173,31.152882
30196,1,4/1/2018 15:13:16,121.800057,31.152352
28185,1,4/1/2018 15:13:23,121.802668,31.15246
15293,1,4/1/2018 15:13:42,121.804208,31.15196
27985,1,4/1/2018 15:14:04,121.799095,31.152788
27287,1,4/1/2018 15:14:12,121.803308,31.153877
17298,1,4/1/2018 15:14:33,121.801342,31.15155
28426,1,4/1/2018 15:14:40,121.803765,31.152537
26186,1,4/1/2018 15:14:59,121.799165,31.153303
13013,1,4/1/2018 15:15:04,121.79922,31.153067
30215,1,4/1/2018 15:15:21,121.800497,31.14983
13013,1,4/1/2018 15:15:24,121.79922,31.153067
20875,1,4/1/2018 15:15:28,121.799262,31.152008
21477,1,4/1/2018 15:17:02,121.799235,31.153
9059,1,4/1/2018 15:17:40,121.799372,31.15278
21300,1,4/1/2018 15:18:32,121.799618,31.152505
21300,1,4/1/2018 15:18:52,121.799692,31.152427
20633,1,4/1/2018 15:19:24,121.79925,31.153253
10029,1,4/1/2018 15:19:48,121.80321,31.153207
30177,1,4/1/2018 15:20:25,121.803967,31.152335
11694,1,4/1/2018 15:20:32,121.80416,31.15208
27482,1,4/1/2018 15:21:15,121.803968,31.15213
23510,1,4/1/2018 15:22:01,121.804348,31.151313
15455,1,4/1/2018 15:22:05,121.800938,31.15836
26982,1,4/1/2018 15:22:09,121.803732,31.152888
26982,1,4/1/2018 15:22:39,121.803732,31.152888
28070,1,4/1/2018 15:22:53,121.80082,31.153068
27505,1,4/1/2018 15:23:42,121.79927,31.152985
24024,1,4/1/2018 15:23:53,121.80393,31.151827
30163,1,4/1/2018 15:24:04,121.803338,31.154
20053,1,4/1/2018 15:24:08,121.799095,31.153592
23390,1,4/1/2018 15:24:14,121.804132,31.152152
13597,1,4/1/2018 15:24:32,121.802897,31.153653
16441,1,4/1/2018 15:24:34,121.799408,31.152543
23608,1,4/1/2018 15:24:42,121.80414,31.152028
21909,1,4/1/2018 15:25:07,121.799613,31.153498
30025,1,4/1/2018 15:25:34,121.79898,31.151988
21909,1,4/1/2018 15:25:46,121.799613,31.153498
17180,1,4/1/2018 15:25:48,121.803347,31.153455
20102,1,4/1/2018 15:26:11,121.802878,31.153907
21880,1,4/1/2018 15:26:18,121.802517,31.152267
13383,1,4/1/2018 15:26:33,121.79928,31.15287
27601,1,4/1/2018 15:26:34,121.800372,31.151238
28632,1,4/1/2018 15:26:36,121.799395,31.152568
30153,1,4/1/2018 15:26:37,121.800313,31.151092
21880,1,4/1/2018 15:26:38,121.802517,31.152267
15376,1,4/1/2018 15:26:47,121.799633,31.152358
16313,1,4/1/2018 15:27:30,121.80305,31.15213
10099,1,4/1/2018 15:29:49,121.804147,31.151632
18847,1,4/1/2018 15:30:18,121.804153,31.15194
21753,1,4/1/2018 15:30:45,121.802275,31.157062
25069,1,4/1/2018 15:32:19,121.799262,31.152773
15299,1,4/1/2018 15:32:51,121.803173,31.153903
20115,1,4/1/2018 15:33:45,121.799917,31.152447
23910,1,4/1/2018 15:34:12,121.799058,31.153513
27242,1,4/1/2018 15:34:31,121.803908,31.152332
26652,1,4/1/2018 15:34:49,121.803738,31.152918
15780,1,4/1/2018 15:37:18,121.803958,31.152383
14565,1,4/1/2018 15:37:54,121.804102,31.152067
25842,1,4/1/2018 15:38:09,121.801307,31.152738
27462,1,4/1/2018 15:38:41,121.80284,31.154155
28310,1,4/1/2018 15:38:43,121.803263,31.153807
21615,1,4/1/2018 15:38:52,121.800365,31.15278
21370,1,4/1/2018 15:39:09,121.800082,31.152085
27135,1,4/1/2018 15:39:09,121.80339,31.153382
21370,1,4/1/2018 15:39:19,121.800145,31.15202
28604,1,4/1/2018 15:40:50,121.803635,31.152157
26539,1,4/1/2018 15:41:30,121.80299,31.153975
13623,1,4/1/2018 15:41:37,121.79941,31.152952
21526,1,4/1/2018 15:42:55,121.799185,31.153165
27145,1,4/1/2018 15:43:30,121.803085,31.153745
30210,1,4/1/2018 15:44:09,121.80373,31.152543
17834,1,4/1/2018 15:44:14,121.803335,31.152698
30188,1,4/1/2018 15:44:42,121.803952,31.152133
30012,1,4/1/2018 15:45:08,121.8037,31.152463
16690,1,4/1/2018 15:45:12,121.799172,31.153443
16701,1,4/1/2018 15:45:39,121.803273,31.152655
20180,1,4/1/2018 15:45:53,121.803685,31.152
30045,1,4/1/2018 15:46:14,121.804075,31.152635
23742,1,4/1/2018 15:46:20,121.802112,31.150518
14202,1,4/1/2018 15:46:33,121.803658,31.153005
11011,1,4/1/2018 15:46:38,121.804048,31.152142
20844,1,4/1/2018 15:46:38,121.804257,31.151758
30103,1,4/1/2018 15:46:39,121.80414,31.151948
16762,1,4/1/2018 15:46:40,121.803963,31.152135
23683,1,4/1/2018 15:46:59,121.79912,31.153165
20686,1,4/1/2018 15:47:14,121.799152,31.15313
17539,1,4/1/2018 15:47:17,121.799515,31.152733
13856,1,4/1/2018 15:47:20,121.799675,31.152942
11734,1,4/1/2018 15:47:47,121.804045,31.152075
18941,1,4/1/2018 15:47:49,121.799222,31.153097
28087,1,4/1/2018 15:47:58,121.804242,31.151742
11540,1,4/1/2018 15:48:12,121.803208,31.153525
25870,1,4/1/2018 15:48:59,121.799413,31.15281
13648,1,4/1/2018 15:49:39,121.799105,31.158305
27167,1,4/1/2018 15:50:18,121.803762,31.15321
16861,1,4/1/2018 15:50:22,121.804105,31.151947
15538,1,4/1/2018 15:50:27,121.803522,31.153313
16835,1,4/1/2018 15:50:31,121.79936,31.152723
25137,1,4/1/2018 15:50:37,121.803597,31.152988
18409,1,4/1/2018 15:50:39,121.799207,31.153015
26822,1,4/1/2018 15:50:45,121.799575,31.153482
16927,1,4/1/2018 15:50:49,121.803345,31.153173
20678,1,4/1/2018 15:51:07,121.804258,31.152483
20678,1,4/1/2018 15:51:17,121.804258,31.152483
16035,1,4/1/2018 15:52:17,121.799763,31.152352
17488,1,4/1/2018 15:52:35,121.803893,31.152507
28475,1,4/1/2018 15:52:36,121.804173,31.151897
16239,1,4/1/2018 15:53:02,121.803168,31.153673
16917,1,4/1/2018 15:53:04,121.803717,31.152935
14079,1,4/1/2018 15:54:03,121.804277,31.151712
27762,1,4/1/2018 15:54:03,121.803368,31.15359
16052,1,4/1/2018 15:54:07,121.79981,31.153668
18930,1,4/1/2018 15:54:19,121.80421,31.151932
27012,1,4/1/2018 15:54:34,121.803943,31.152483
14109,1,4/1/2018 15:54:56,121.799318,31.15299
27263,1,4/1/2018 15:55:00,121.80368,31.153443
30220,1,4/1/2018 15:55:02,121.799943,31.152898
17810,1,4/1/2018 15:55:18,121.799202,31.153125
14450,1,4/1/2018 15:56:00,121.804032,31.152333
18233,1,4/1/2018 15:56:06,121.800268,31.15302
18196,1,4/1/2018 15:56:50,121.803123,31.154112
28365,1,4/1/2018 15:56:56,121.803985,31.152015
15776,1,4/1/2018 15:56:59,121.799158,31.153562
26873,1,4/1/2018 15:57:36,121.804,31.152263
13495,1,4/1/2018 15:58:03,121.799123,31.15345
21901,1,4/1/2018 15:58:27,121.79929,31.152112
14054,1,4/1/2018 15:58:32,121.804152,31.15199
11534,1,4/1/2018 15:58:51,121.803505,31.153433
23673,1,4/1/2018 15:58:54,121.803042,31.153208
28300,1,4/1/2018 15:59:03,121.80348,31.153442
26307,1,4/1/2018 15:59:45,121.799503,31.152715
28016,1,4/1/2018 15:59:48,121.80376,31.153063
27030,1,4/1/2018 16:00:05,121.799872,31.152473
20173,1,4/1/2018 16:00:13,121.803925,31.15241
11821,1,4/1/2018 16:00:14,121.799635,31.152613
20032,1,4/1/2018 16:00:24,121.799083,31.15302
10225,1,4/1/2018 16:00:40,121.799668,31.152438
28632,1,4/1/2018 16:01:11,121.799415,31.152563
27727,1,4/1/2018 16:01:47,121.8041,31.152192
17331,1,4/1/2018 16:01:54,121.801843,31.15065
23826,1,4/1/2018 16:02:01,121.804038,31.152248
20212,1,4/1/2018 16:02:14,121.801255,31.149708
28151,1,4/1/2018 16:02:15,121.804045,31.152232
20534,1,4/1/2018 16:02:53,121.799803,31.15116
23656,1,4/1/2018 16:03:18,121.803628,31.15339
21874,1,4/1/2018 16:03:38,121.804045,31.152195
28012,1,4/1/2018 16:03:45,121.799947,31.158893
30173,1,4/1/2018 16:03:53,121.803488,31.153462
28223,1,4/1/2018 16:04:59,121.799732,31.15299
20050,1,4/1/2018 16:05:07,121.799193,31.153168
30018,1,4/1/2018 16:05:32,121.803545,31.153475
21444,1,4/1/2018 16:07:09,121.801812,31.149242
17448,1,4/1/2018 16:07:11,121.803168,31.153962
20987,1,4/1/2018 16:07:41,121.803712,31.153327
15425,1,4/1/2018 16:07:48,121.79885,31.1542
21346,1,4/1/2018 16:07:51,121.803493,31.153703
21346,1,4/1/2018 16:08:01,121.803493,31.153703
20126,1,4/1/2018 16:09:04,121.799165,31.15314
27522,1,4/1/2018 16:09:07,121.80104,31.151067
21210,1,4/1/2018 16:09:31,121.799505,31.152868
17128,1,4/1/2018 16:09:33,121.800807,31.149892
20126,1,4/1/2018 16:09:34,121.79914,31.153142
28172,1,4/1/2018 16:09:40,121.799392,31.152823
18091,1,4/1/2018 16:10:39,121.805728,31.146875
14383,1,4/1/2018 16:10:46,121.799175,31.153308
21001,1,4/1/2018 16:10:56,121.803262,31.153653
21001,1,4/1/2018 16:12:05,121.802888,31.155342
18077,1,4/1/2018 16:12:07,121.799225,31.153023
30215,1,4/1/2018 16:12:37,121.801472,31.151102
18965,1,4/1/2018 16:12:49,121.804238,31.151732
26619,1,4/1/2018 16:13:22,121.803315,31.15399
13132,1,4/1/2018 16:13:29,121.803062,31.153427
17338,1,4/1/2018 16:14:54,121.803733,31.153017
26511,1,4/1/2018 16:15:44,121.804402,31.1512
15088,1,4/1/2018 16:16:12,121.800203,31.151772
12840,1,4/1/2018 16:16:19,121.803412,31.153303
25992,1,4/1/2018 16:16:19,121.804257,31.151858
12833,1,4/1/2018 16:17:30,121.804335,31.151668
12833,1,4/1/2018 16:17:40,121.804335,31.151668
15795,1,4/1/2018 16:19:05,121.803068,31.153558
26306,1,4/1/2018 16:19:19,121.799787,31.152175
17021,1,4/1/2018 16:19:32,121.803948,31.152302
17164,1,4/1/2018 16:19:38,121.805088,31.14757
14043,1,4/1/2018 16:19:55,121.803952,31.152353
12669,1,4/1/2018 16:20:17,121.800632,31.149892
12669,1,4/1/2018 16:20:27,121.800532,31.149983
11834,1,4/1/2018 16:20:46,121.80051,31.151823
20921,1,4/1/2018 16:21:17,121.799355,31.152667
20916,1,4/1/2018 16:21:22,121.8042,31.152407
18952,1,4/1/2018 16:21:32,121.800023,31.151103
20916,1,4/1/2018 16:21:33,121.80437,31.152692
12899,1,4/1/2018 16:21:50,121.803633,31.152878
14543,1,4/1/2018 16:21:59,121.804103,31.152433
10296,1,4/1/2018 16:22:05,121.804073,31.152075
12861,1,4/1/2018 16:23:15,121.80079,31.150797
20155,1,4/1/2018 16:23:23,121.806022,31.148008
28222,1,4/1/2018 16:23:36,121.803733,31.152022
20938,1,4/1/2018 16:23:56,121.804272,31.151745
17090,1,4/1/2018 16:24:32,121.800295,31.155085
20116,1,4/1/2018 16:24:52,121.803515,31.145235
15160,1,4/1/2018 16:25:36,121.79949,31.152863
18237,1,4/1/2018 16:25:53,121.800285,31.15183
20567,1,4/1/2018 16:25:57,121.79955,31.152357
15029,1,4/1/2018 16:26:17,121.799948,31.152117
15569,1,4/1/2018 16:27:36,121.804347,31.15166
25701,1,4/1/2018 16:27:36,121.803742,31.153812
20309,1,4/1/2018 16:27:39,121.80094,31.15166
27092,1,4/1/2018 16:27:57,121.803973,31.152152
18773,1,4/1/2018 16:28:34,121.799882,31.152475
16193,1,4/1/2018 16:28:41,121.799832,31.152763
16549,1,4/1/2018 16:28:55,121.803422,31.154112
26927,1,4/1/2018 16:29:14,121.804078,31.152285
20982,1,4/1/2018 16:29:35,121.803453,31.153498
30248,1,4/1/2018 16:29:54,121.803555,31.152982
21819,1,4/1/2018 16:31:33,121.804003,31.152268
25116,1,4/1/2018 16:32:57,121.802492,31.153587
11704,1,4/1/2018 16:33:32,121.803732,31.152718
10172,1,4/1/2018 16:34:22,121.803415,31.152687
17273,1,4/1/2018 16:34:34,121.80358,31.15299
15730,1,4/1/2018 16:34:54,121.800093,31.152462
13587,1,4/1/2018 16:34:56,121.80316,31.153302
18836,1,4/1/2018 16:35:51,121.799442,31.152713
26897,1,4/1/2018 16:36:24,121.803267,31.154497
25448,1,4/1/2018 16:36:52,121.801053,31.15203
22000,1,4/1/2018 16:37:28,121.799737,31.15186
15872,1,4/1/2018 16:37:50,121.80051,31.15204
14416,1,4/1/2018 16:37:54,121.803462,31.15344
18847,1,4/1/2018 16:37:58,121.803542,31.15318
21769,1,4/1/2018 16:38:04,121.803295,31.154132
21769,1,4/1/2018 16:38:05,121.80329,31.154158
30188,1,4/1/2018 16:38:35,121.80382,31.152517
15707,1,4/1/2018 16:38:55,121.80031,31.152148
11109,1,4/1/2018 16:39:00,121.803917,31.152513
12722,1,4/1/2018 16:39:24,121.80417,31.151867
15484,1,4/1/2018 16:39:26,121.803375,31.153387
12722,1,4/1/2018 16:39:43,121.80417,31.151867
20726,1,4/1/2018 16:39:44,121.803178,31.153968
18766,1,4/1/2018 16:40:06,121.80036,31.151868
20909,1,4/1/2018 16:40:11,121.805098,31.144705
15896,1,4/1/2018 16:40:36,121.804112,31.1521
15790,1,4/1/2018 16:41:04,121.79939,31.152812
16692,1,4/1/2018 16:41:39,121.800002,31.152365
21856,1,4/1/2018 16:42:39,121.803975,31.152157
20545,1,4/1/2018 16:44:13,121.803155,31.153908
20836,1,4/1/2018 16:44:33,121.803362,31.153835
21677,1,4/1/2018 16:45:03,121.803852,31.153148
26780,1,4/1/2018 16:45:07,121.799977,31.152535
11756,1,4/1/2018 16:45:40,121.805323,31.149733
28439,1,4/1/2018 16:47:39,121.800147,31.15183
27982,1,4/1/2018 16:49:26,121.802897,31.15359
27937,1,4/1/2018 16:49:36,121.803428,31.153962
27982,1,4/1/2018 16:49:46,121.802922,31.153588
17353,1,4/1/2018 16:50:13,121.801712,31.152332
20290,1,4/1/2018 16:50:30,121.803542,31.153365
17353,1,4/1/2018 16:50:33,121.801712,31.152332
21301,1,4/1/2018 16:50:39,121.7994,31.152843
17246,1,4/1/2018 16:51:16,121.800107,31.150793
14333,1,4/1/2018 16:51:17,121.804325,31.151608
10095,1,4/1/2018 16:51:26,121.79975,31.151995
26713,1,4/1/2018 16:51:33,121.804243,31.152063
17182,1,4/1/2018 16:53:06,121.800092,31.155707
15802,1,4/1/2018 16:53:39,121.804,31.15204
26648,1,4/1/2018 16:53:54,121.803472,31.15332
26313,1,4/1/2018 16:54:00,121.80371,31.154058
26181,1,4/1/2018 16:54:11,121.804513,31.151577
28313,1,4/1/2018 16:54:55,121.800375,31.152817
26648,1,4/1/2018 16:55:04,121.800025,31.158942
30210,1,4/1/2018 16:55:06,121.804267,31.152362
21907,1,4/1/2018 16:55:34,121.804158,31.15213
21798,1,4/1/2018 16:55:45,121.799247,31.152782
28322,1,4/1/2018 16:56:24,121.803485,31.152535
28322,1,4/1/2018 16:56:33,121.803393,31.152898
28343,1,4/1/2018 16:56:36,121.804087,31.15292
28322,1,4/1/2018 16:56:44,121.803287,31.153827
16725,1,4/1/2018 16:57:29,121.804585,31.153133
16725,1,4/1/2018 16:57:39,121.804805,31.153312
17048,1,4/1/2018 16:58:09,121.804088,31.15277
14482,1,4/1/2018 16:58:12,121.803657,31.153475
25597,1,4/1/2018 16:58:37,121.803962,31.153443
16989,1,4/1/2018 17:00:02,121.800013,31.152083
16298,1,4/1/2018 17:00:37,121.799405,31.152588
18963,1,4/1/2018 17:01:35,121.803173,31.154298
26483,1,4/1/2018 17:01:42,121.804168,31.153435
17101,1,4/1/2018 17:01:50,121.804713,31.145753
23326,1,4/1/2018 17:02:33,121.800522,31.149862
30156,1,4/1/2018 17:03:03,121.79958,31.152647
27939,1,4/1/2018 17:03:26,121.803812,31.153345
30173,1,4/1/2018 17:05:09,121.803392,31.153463
23913,1,4/1/2018 17:05:31,121.804097,31.152893
20150,1,4/1/2018 17:07:06,121.799438,31.152548
23448,1,4/1/2018 17:08:34,121.79932,31.152773
14383,1,4/1/2018 17:08:35,121.803763,31.154273
28263,1,4/1/2018 17:08:37,121.803605,31.154205
30154,1,4/1/2018 17:09:18,121.800475,31.150357
26637,1,4/1/2018 17:09:31,121.80412,31.152287
30154,1,4/1/2018 17:09:38,121.800473,31.150305
21694,1,4/1/2018 17:10:40,121.803927,31.154228
20305,1,4/1/2018 17:13:37,121.803468,31.154173
26286,1,4/1/2018 17:13:42,121.799448,31.152602
24018,1,4/1/2018 17:14:09,121.799085,31.15332
16639,1,4/1/2018 17:14:20,121.804167,31.153955
15673,1,4/1/2018 17:14:51,121.803735,31.153713
15371,1,4/1/2018 17:15:15,121.799557,31.152457
10866,1,4/1/2018 17:15:55,121.804048,31.15324
21672,1,4/1/2018 17:16:34,121.799332,31.151658
10121,1,4/1/2018 17:17:02,121.79971,31.152028
14074,1,4/1/2018 17:17:31,121.803465,31.153697
25922,1,4/1/2018 17:18:43,121.799737,31.151303
24024,1,4/1/2018 17:18:52,121.800015,31.152542
13876,1,4/1/2018 17:18:57,121.799452,31.152638
25834,1,4/1/2018 17:19:00,121.799788,31.152078
15218,1,4/1/2018 17:19:34,121.804188,31.152268
15444,1,4/1/2018 17:21:42,121.799335,31.152912
20504,1,4/1/2018 17:21:43,121.803527,31.15419
14264,1,4/1/2018 17:22:01,121.799718,31.152142
16884,1,4/1/2018 17:22:15,121.803692,31.153143
21189,1,4/1/2018 17:22:38,121.803978,31.152155
20423,1,4/1/2018 17:22:43,121.804235,31.152843
20423,1,4/1/2018 17:22:53,121.804262,31.152877
26498,1,4/1/2018 17:23:14,121.803935,31.153402
25751,1,4/1/2018 17:23:53,121.800707,31.15232
28242,1,4/1/2018 17:24:13,121.799968,31.151623
23348,1,4/1/2018 17:25:16,121.804138,31.15301
15279,1,4/1/2018 17:25:39,121.803813,31.153803
28361,1,4/1/2018 17:26:02,121.80339,31.153593
25589,1,4/1/2018 17:26:17,121.799677,31.152525
15111,1,4/1/2018 17:27:42,121.804327,31.15296
15111,1,4/1/2018 17:27:42,121.804327,31.15296
16070,1,4/1/2018 17:28:06,121.799375,31.152788
13509,1,4/1/2018 17:28:31,121.79987,31.151425
10095,1,4/1/2018 17:28:35,121.803993,31.152682
15563,1,4/1/2018 17:30:36,121.804255,31.15189
26486,1,4/1/2018 17:30:54,121.803758,31.153605
21662,1,4/1/2018 17:31:16,121.801145,31.148465
13734,1,4/1/2018 17:31:17,121.803788,31.152668
16514,1,4/1/2018 17:31:28,121.804217,31.151813
16514,1,4/1/2018 17:31:33,121.804197,31.152043
17261,1,4/1/2018 17:31:37,121.803585,31.153513
14177,1,4/1/2018 17:32:01,121.804308,31.1521
26715,1,4/1/2018 17:32:09,121.803545,31.153218
10187,1,4/1/2018 17:32:30,121.804272,31.152088
16514,1,4/1/2018 17:33:10,121.802947,31.155592
27735,1,4/1/2018 17:33:35,121.799595,31.152552
20282,1,4/1/2018 17:33:36,121.799257,31.152833
21306,1,4/1/2018 17:34:39,121.804337,31.148055
20337,1,4/1/2018 17:36:17,121.79968,31.15232
20552,1,4/1/2018 17:36:52,121.802868,31.154388
20337,1,4/1/2018 17:37:18,121.79971,31.152302
23841,1,4/1/2018 17:38:17,121.80009,31.151682
10099,1,4/1/2018 17:38:20,121.803918,31.154373
23841,1,4/1/2018 17:38:57,121.800015,31.151758
24010,1,4/1/2018 17:39:04,121.799323,31.152973
15154,1,4/1/2018 17:39:06,121.799197,31.153272
21979,1,4/1/2018 17:39:08,121.804123,31.152067
26823,1,4/1/2018 17:40:02,121.804402,31.151223
20804,1,4/1/2018 17:40:11,121.803987,31.15326
17864,1,4/1/2018 17:40:24,121.799373,31.152655
30119,1,4/1/2018 17:40:25,121.802373,31.152125
25027,1,4/1/2018 17:40:35,121.803533,31.153772
23703,1,4/1/2018 17:40:48,121.801843,31.152362
20907,1,4/1/2018 17:40:50,121.804135,31.151765
21162,1,4/1/2018 17:40:55,121.801863,31.151088
25545,1,4/1/2018 17:41:01,121.804015,31.153065
21482,1,4/1/2018 17:41:29,121.80365,31.153712
10064,1,4/1/2018 17:41:36,121.803782,31.153837
28608,1,4/1/2018 17:42:41,121.799183,31.153148
20726,1,4/1/2018 17:43:08,121.799558,31.15385
25738,1,4/1/2018 17:43:52,121.804012,31.152868
11868,1,4/1/2018 17:44:17,121.804103,31.152322
10030,1,4/1/2018 17:44:45,121.80354,31.153188
14105,1,4/1/2018 17:45:12,121.804057,31.152658
27255,1,4/1/2018 17:45:39,121.799203,31.153245
16767,1,4/1/2018 17:46:17,121.799483,31.152737
11940,1,4/1/2018 17:46:23,121.803705,31.153738
11940,1,4/1/2018 17:46:33,121.8037,31.153715
23485,1,4/1/2018 17:47:33,121.799463,31.152583
20416,1,4/1/2018 17:47:34,121.80404,31.15271
10705,1,4/1/2018 17:47:56,121.800195,31.151308
10972,1,4/1/2018 17:48:28,121.803993,31.144618
10834,1,4/1/2018 17:48:33,121.804395,31.146445
10374,1,4/1/2018 17:48:52,121.804293,31.151752
27429,1,4/1/2018 17:49:01,121.804512,31.152387
10783,1,4/1/2018 17:49:09,121.802485,31.156532
13334,1,4/1/2018 17:50:02,121.800087,31.158817
10814,1,4/1/2018 17:50:09,121.799797,31.152102
10237,1,4/1/2018 17:50:32,121.804388,31.151793
28034,1,4/1/2018 17:50:34,121.7996,31.15236
26721,1,4/1/2018 17:50:39,121.803948,31.15233
21745,1,4/1/2018 17:51:20,121.800657,31.149355
21363,1,4/1/2018 17:51:33,121.803468,31.153782
26936,1,4/1/2018 17:51:35,121.799273,31.153445
21363,1,4/1/2018 17:51:43,121.803442,31.153827
16271,1,4/1/2018 17:52:05,121.800163,31.152465
26571,1,4/1/2018 17:52:36,121.80411,31.152433
22078,1,4/1/2018 17:52:56,121.799973,31.151708
16583,1,4/1/2018 17:53:01,121.804102,31.152048
15253,1,4/1/2018 17:53:48,121.804263,31.151645
20228,1,4/1/2018 17:53:54,121.799327,31.153
16738,1,4/1/2018 17:54:01,121.803743,31.153462
20966,1,4/1/2018 17:54:05,121.801348,31.158075
25666,1,4/1/2018 17:54:13,121.804258,31.151693
28278,1,4/1/2018 17:54:54,121.803935,31.152193
15110,1,4/1/2018 17:55:09,121.80417,31.152773
15110,1,4/1/2018 17:55:29,121.804165,31.152808
25619,1,4/1/2018 17:55:38,121.803432,31.153995
15110,1,4/1/2018 17:55:39,121.804185,31.152823
15029,1,4/1/2018 17:55:42,121.80369,31.153812
15029,1,4/1/2018 17:55:52,121.80369,31.153812
20914,1,4/1/2018 17:56:07,121.803553,31.153317
20914,1,4/1/2018 17:56:27,121.803207,31.153385
21783,1,4/1/2018 17:57:01,121.80352,31.153275
17985,1,4/1/2018 17:57:32,121.803718,31.153292
20381,1,4/1/2018 17:57:46,121.802412,31.150472
25728,1,4/1/2018 17:58:02,121.804147,31.152412
23818,1,4/1/2018 17:58:07,121.803723,31.152875
15611,1,4/1/2018 17:58:41,121.803958,31.153597
25597,1,4/1/2018 17:59:38,121.803707,31.153272
27022,1,4/1/2018 18:00:14,121.803697,31.153687
13066,1,4/1/2018 18:00:40,121.799355,31.152768
25683,1,4/1/2018 18:02:01,121.799382,31.15278
26889,1,4/1/2018 18:02:09,121.800452,31.152477
20199,1,4/1/2018 18:02:34,121.803783,31.152878
18917,1,4/1/2018 18:02:36,121.799337,31.15315
21282,1,4/1/2018 18:02:37,121.801578,31.157897
11997,1,4/1/2018 18:02:45,121.803875,31.152937
11997,1,4/1/2018 18:02:55,121.803875,31.152937
16081,1,4/1/2018 18:02:56,121.803455,31.15404
26900,1,4/1/2018 18:03:00,121.80271,31.154517
28219,1,4/1/2018 18:03:31,121.804083,31.152517
27753,1,4/1/2018 18:04:18,121.804018,31.152478
13669,1,4/1/2018 18:04:23,121.803768,31.153143
30247,1,4/1/2018 18:04:36,121.800105,31.152242
11652,1,4/1/2018 18:05:29,121.803412,31.153623
11652,1,4/1/2018 18:05:39,121.803412,31.153623
30164,1,4/1/2018 18:05:56,121.802602,31.148688
11957,1,4/1/2018 18:07:41,121.803467,31.1541
11350,1,4/1/2018 18:08:06,121.80384,31.153432
15123,1,4/1/2018 18:08:21,121.80394,31.153152
11350,1,4/1/2018 18:08:26,121.803742,31.15353
17190,1,4/1/2018 18:08:29,121.80046,31.151102
23867,1,4/1/2018 18:09:32,121.804375,31.151258
25557,1,4/1/2018 18:09:41,121.799387,31.152817
21096,1,4/1/2018 18:10:24,121.80409,31.153485
18722,1,4/1/2018 18:11:09,121.79926,31.152805
25107,1,4/1/2018 18:11:37,121.799347,31.153148
10217,1,4/1/2018 18:12:02,121.803987,31.152312
26373,1,4/1/2018 18:12:07,121.802928,31.15497
30010,1,4/1/2018 18:12:07,121.803638,31.153405
17583,1,4/1/2018 18:12:32,121.799258,31.153102
14503,1,4/1/2018 18:12:36,121.799673,31.15265
18714,1,4/1/2018 18:12:51,121.804192,31.15199
20726,1,4/1/2018 18:13:36,121.799432,31.154373
21210,1,4/1/2018 18:14:37,121.803883,31.152537
14446,1,4/1/2018 18:14:38,121.805065,31.151622
16583,1,4/1/2018 18:15:13,121.803855,31.151725
17086,1,4/1/2018 18:16:32,121.800755,31.149097
26131,1,4/1/2018 18:16:45,121.79935,31.152918
13524,1,4/1/2018 18:16:53,121.80389,31.153
16157,1,4/1/2018 18:17:28,121.8037,31.15303
20032,1,4/1/2018 18:18:36,121.799102,31.153243
20937,1,4/1/2018 18:20:22,121.803515,31.153803
23665,1,4/1/2018 18:22:37,121.803672,31.15311
21724,1,4/1/2018 18:22:41,121.80374,31.153013
22080,1,4/1/2018 18:22:50,121.804053,31.152228
11009,1,4/1/2018 18:23:18,121.803492,31.153833
21670,1,4/1/2018 18:23:33,121.80407,31.152452
17701,1,4/1/2018 18:23:48,121.80339,31.153842
12680,1,4/1/2018 18:23:57,121.803385,31.1539
16747,1,4/1/2018 18:24:02,121.803488,31.15366
18945,1,4/1/2018 18:24:45,121.803605,31.153492
10264,1,4/1/2018 18:24:50,121.804002,31.152273
20862,1,4/1/2018 18:26:03,121.803542,31.153622
20875,1,4/1/2018 18:26:06,121.802842,31.152415
20474,1,4/1/2018 18:26:18,121.803885,31.153008
17430,1,4/1/2018 18:26:37,121.799575,31.153017
23650,1,4/1/2018 18:27:34,121.799183,31.153257
16790,1,4/1/2018 18:28:06,121.800342,31.152675
14125,1,4/1/2018 18:29:16,121.804087,31.152145
28557,1,4/1/2018 18:29:38,121.799317,31.152772
13254,1,4/1/2018 18:30:11,121.804063,31.15241
14127,1,4/1/2018 18:30:18,121.803958,31.152627
13643,1,4/1/2018 18:32:01,121.799852,31.152142
18770,1,4/1/2018 18:32:14,121.801828,31.152322
12783,1,4/1/2018 18:33:51,121.799232,31.153028
17028,1,4/1/2018 18:34:16,121.80384,31.152717
26615,1,4/1/2018 18:35:12,121.804168,31.15203
17488,1,4/1/2018 18:36:20,121.803732,31.152753
22063,1,4/1/2018 18:36:40,121.803877,31.153053
17488,1,4/1/2018 18:37:00,121.803578,31.153022
25511,1,4/1/2018 18:37:03,121.803878,31.15256
25484,1,4/1/2018 18:37:04,121.804173,31.151762
26362,1,4/1/2018 18:38:08,121.799572,31.152782
21122,1,4/1/2018 18:38:34,121.803883,31.153337
26252,1,4/1/2018 18:39:04,121.8042,31.151925
26280,1,4/1/2018 18:39:56,121.804185,31.151667
27214,1,4/1/2018 18:41:02,121.802513,31.153608
13910,1,4/1/2018 18:41:10,121.802748,31.155822
20102,1,4/1/2018 18:41:33,121.803602,31.154223
20102,1,4/1/2018 18:41:42,121.803602,31.154193
18672,1,4/1/2018 18:41:49,121.80353,31.154372
27427,1,4/1/2018 18:43:06,121.799352,31.152737
14107,1,4/1/2018 18:43:11,121.80408,31.152195
23844,1,4/1/2018 18:43:14,121.802608,31.151425
20437,1,4/1/2018 18:44:42,121.803707,31.153597
21295,1,4/1/2018 18:45:43,121.803148,31.154912
20475,1,4/1/2018 18:46:15,121.799075,31.153355
30012,1,4/1/2018 18:46:35,121.803123,31.153643
15184,1,4/1/2018 18:47:10,121.799158,31.153403
16736,1,4/1/2018 18:47:21,121.804195,31.151728
18000,1,4/1/2018 18:47:39,121.803475,31.153818
13556,1,4/1/2018 18:47:49,121.803475,31.153975
18000,1,4/1/2018 18:48:09,121.803475,31.153818
15112,1,4/1/2018 18:49:05,121.803665,31.153688
21493,1,4/1/2018 18:49:37,121.799763,31.15241
21403,1,4/1/2018 18:49:55,121.803387,31.153997
21493,1,4/1/2018 18:50:07,121.800258,31.152362
20098,1,4/1/2018 18:50:31,121.79966,31.152547
27567,1,4/1/2018 18:50:51,121.799432,31.152857
10443,1,4/1/2018 18:51:28,121.803818,31.152683
15969,1,4/1/2018 18:51:57,121.804003,31.152317
26248,1,4/1/2018 18:52:31,121.805678,31.148785
21844,1,4/1/2018 18:52:55,121.804467,31.145548
14508,1,4/1/2018 18:52:56,121.799642,31.152757
26771,1,4/1/2018 18:53:10,121.803123,31.154558
20785,1,4/1/2018 18:53:32,121.804702,31.151033
28328,1,4/1/2018 18:53:33,121.803672,31.153378
23390,1,4/1/2018 18:53:48,121.805617,31.148688
26692,1,4/1/2018 18:54:11,121.80387,31.153272
10092,1,4/1/2018 18:55:19,121.804042,31.152117
14260,1,4/1/2018 18:55:19,121.803052,31.147872
17305,1,4/1/2018 18:55:40,121.80386,31.152653
25828,1,4/1/2018 18:55:48,121.799618,31.15253
20388,1,4/1/2018 18:55:55,121.801868,31.151012
12914,1,4/1/2018 18:56:31,121.803855,31.15335
21559,1,4/1/2018 18:57:00,121.801768,31.149845
21798,1,4/1/2018 18:57:00,121.799358,31.152708
12914,1,4/1/2018 18:57:11,121.803635,31.153553
23871,1,4/1/2018 18:58:08,121.801472,31.152047
22039,1,4/1/2018 18:58:17,121.80403,31.152182
25767,1,4/1/2018 18:58:34,121.800842,31.151313
16327,1,4/1/2018 18:58:49,121.80339,31.15227
21148,1,4/1/2018 18:58:54,121.805648,31.148555
26798,1,4/1/2018 18:59:00,121.801177,31.151868
21798,1,4/1/2018 18:59:29,121.80311,31.145267
13263,1,4/1/2018 19:00:02,121.801697,31.149983
13478,1,4/1/2018 19:00:02,121.805135,31.144695
14426,1,4/1/2018 19:00:02,121.801443,31.1519
14939,1,4/1/2018 19:00:02,121.805748,31.148117
21493,1,4/1/2018 19:00:02,121.802745,31.1477
22055,1,4/1/2018 19:00:02,121.801328,31.14995
14405,1,4/1/2018 19:00:03,121.801693,31.149618
20012,1,4/1/2018 19:00:03,121.801618,31.149187
21125,1,4/1/2018 19:00:03,121.801615,31.149148
25641,1,4/1/2018 19:00:03,121.80161,31.149435
25842,1,4/1/2018 19:00:03,121.80563,31.148728
16030,1,4/1/2018 19:00:04,121.803455,31.154023
17180,1,4/1/2018 19:00:04,121.805963,31.14779
17218,1,4/1/2018 19:00:04,121.80125,31.150078
20726,1,4/1/2018 19:00:04,121.802902,31.153028
25103,1,4/1/2018 19:00:04,121.80386,31.152628
30250,1,4/1/2018 19:00:04,121.801833,31.149467
13437,1,4/1/2018 19:00:05,121.805637,31.14826
15086,1,4/1/2018 19:00:05,121.801963,31.149817
18918,1,4/1/2018 19:00:05,121.801725,31.151147
21753,1,4/1/2018 19:00:06,121.80178,31.149387
28438,1,4/1/2018 19:00:06,121.805185,31.150078
17964,1,4/1/2018 19:00:07,121.801728,31.149115
21068,1,4/1/2018 19:00:07,121.801547,31.149178
25828,1,4/1/2018 19:00:07,121.805053,31.147533
26226,1,4/1/2018 19:00:07,121.800967,31.153065
13797,1,4/1/2018 19:00:08,121.801337,31.149837
15698,1,4/1/2018 19:00:08,121.80548,31.149207
18784,1,4/1/2018 19:00:08,121.805522,31.1491
18865,1,4/1/2018 19:00:08,121.801738,31.149283
27135,1,4/1/2018 19:00:08,121.801435,31.151887
11558,1,4/1/2018 19:00:09,121.801543,31.149313
15101,1,4/1/2018 19:00:09,121.803568,31.152098
15309,1,4/1/2018 19:00:09,121.803577,31.153595
16327,1,4/1/2018 19:00:09,121.80339,31.152257
22067,1,4/1/2018 19:00:09,121.80184,31.149945
25233,1,4/1/2018 19:00:09,121.804707,31.150898
26271,1,4/1/2018 19:00:09,121.805732,31.147303
28061,1,4/1/2018 19:00:09,121.806033,31.147853
14880,1,4/1/2018 19:00:10,121.801592,31.149118
27469,1,4/1/2018 19:00:10,121.801378,31.149882
27500,1,4/1/2018 19:00:10,121.801658,31.14901
30113,1,4/1/2018 19:00:10,121.805267,31.149755
13013,1,4/1/2018 19:00:11,121.805793,31.148407
14202,1,4/1/2018 19:00:11,121.805462,31.148765
15455,1,4/1/2018 19:00:11,121.80566,31.148762
26248,1,4/1/2018 19:00:11,121.80516,31.150183
13462,1,4/1/2018 19:00:12,121.801315,31.149665
30163,1,4/1/2018 19:00:12,121.805777,31.148385
10092,1,4/1/2018 19:00:17,121.799582,31.153748
21679,1,4/1/2018 19:00:17,121.80402,31.152225
23871,1,4/1/2018 19:00:35,121.802985,31.14526
16033,1,4/1/2018 19:00:39,121.801175,31.1505
24024,1,4/1/2018 19:00:47,121.799313,31.153238
18929,1,4/1/2018 19:00:48,121.803327,31.153677
26720,1,4/1/2018 19:01:02,121.8002,31.150637
16045,1,4/1/2018 19:01:35,121.800327,31.152293
10139,1,4/1/2018 19:01:36,121.805425,31.149298
10754,1,4/1/2018 19:01:38,121.80027,31.15017
27839,1,4/1/2018 19:01:52,121.800197,31.150462
27669,1,4/1/2018 19:02:49,121.802025,31.146505
10671,1,4/1/2018 19:03:18,121.80425,31.15181
25663,1,4/1/2018 19:03:22,121.803368,31.154657
20155,1,4/1/2018 19:03:48,121.80006,31.152085
21772,1,4/1/2018 19:04:02,121.800342,31.151905
21772,1,4/1/2018 19:04:12,121.800385,31.151912
14310,1,4/1/2018 19:04:28,121.80612,31.15462
26308,1,4/1/2018 19:09:07,121.803543,31.154157
20970,1,4/1/2018 19:09:41,121.803565,31.153708
23430,1,4/1/2018 19:09:48,121.800117,31.150148
15698,1,4/1/2018 19:10:00,121.803815,31.153112
15698,1,4/1/2018 19:10:20,121.803635,31.153288
22103,1,4/1/2018 19:10:47,121.801345,31.149748
30015,1,4/1/2018 19:11:06,121.801642,31.153083
21743,1,4/1/2018 19:11:09,121.800427,31.152475
25803,1,4/1/2018 19:11:09,121.80358,31.153377
15729,1,4/1/2018 19:11:38,121.80142,31.157965
28444,1,4/1/2018 19:12:03,121.801747,31.152315
23906,1,4/1/2018 19:13:12,121.805915,31.14813
10170,1,4/1/2018 19:13:36,121.800818,31.1584
20369,1,4/1/2018 19:14:48,121.799233,31.153128
20369,1,4/1/2018 19:14:59,121.799238,31.153142
28545,1,4/1/2018 19:15:01,121.800307,31.152575
20564,1,4/1/2018 19:15:14,121.804697,31.15053
18353,1,4/1/2018 19:15:32,121.803962,31.151975
11991,1,4/1/2018 19:15:38,121.799472,31.152748
20053,1,4/1/2018 19:15:51,121.803357,31.153737
27322,1,4/1/2018 19:16:16,121.804102,31.151803
20265,1,4/1/2018 19:16:48,121.804055,31.152413
20933,1,4/1/2018 19:16:51,121.804023,31.152828
26291,1,4/1/2018 19:17:32,121.7997,31.152408
11818,1,4/1/2018 19:17:44,121.803985,31.152048
28057,1,4/1/2018 19:18:38,121.804038,31.152147
20893,1,4/1/2018 19:18:50,121.805588,31.148858
25183,1,4/1/2018 19:18:59,121.799228,31.153097
10457,1,4/1/2018 19:19:37,121.799383,31.152547
10457,1,4/1/2018 19:20:12,121.800207,31.151095
11894,1,4/1/2018 19:21:26,121.803538,31.153748
23318,1,4/1/2018 19:21:43,121.799928,31.151673
21127,1,4/1/2018 19:22:48,121.803842,31.152857
27649,1,4/1/2018 19:23:12,121.800812,31.152275
23683,1,4/1/2018 19:23:45,121.805915,31.148242
25161,1,4/1/2018 19:23:45,121.79946,31.152855
21572,1,4/1/2018 19:24:48,121.803262,31.153838
27558,1,4/1/2018 19:25:04,121.79933,31.15286
26330,1,4/1/2018 19:26:06,121.804178,31.151725
18100,1,4/1/2018 19:26:55,121.805907,31.148202
13437,1,4/1/2018 19:27:21,121.803495,31.153312
27008,1,4/1/2018 19:27:34,121.79917,31.153288
17651,1,4/1/2018 19:27:49,121.804178,31.15205
11082,1,4/1/2018 19:28:01,121.803407,31.153285
13421,1,4/1/2018 19:28:59,121.804285,31.151673
25203,1,4/1/2018 19:29:56,121.801568,31.147552
23742,1,4/1/2018 19:30:16,121.803743,31.153732
14452,1,4/1/2018 19:30:29,121.804055,31.152167
27034,1,4/1/2018 19:30:37,121.799207,31.153068
10080,1,4/1/2018 19:30:40,121.803942,31.152527
17974,1,4/1/2018 19:32:05,121.804148,31.152517
10641,1,4/1/2018 19:32:52,121.80429,31.151825
28594,1,4/1/2018 19:32:55,121.804353,31.151782
28589,1,4/1/2018 19:32:57,121.79937,31.15268
10321,1,4/1/2018 19:34:40,121.804763,31.145568
25885,1,4/1/2018 19:35:56,121.80315,31.153605
25102,1,4/1/2018 19:37:06,121.799213,31.152373
11926,1,4/1/2018 19:37:27,121.800707,31.152605
27700,1,4/1/2018 19:37:35,121.803528,31.153545
21830,1,4/1/2018 19:37:45,121.799337,31.152893
15565,1,4/1/2018 19:38:01,121.803342,31.153868
23906,1,4/1/2018 19:38:52,121.80341,31.153668
20460,1,4/1/2018 19:39:44,121.799615,31.152078
17828,1,4/1/2018 19:41:13,121.805888,31.147707
13735,1,4/1/2018 19:41:43,121.8037,31.1534
27952,1,4/1/2018 19:41:51,121.799412,31.152765
21842,1,4/1/2018 19:42:13,121.801592,31.15204
10057,1,4/1/2018 19:42:21,121.799427,31.152727
20064,1,4/1/2018 19:42:57,121.799355,31.152798
26760,1,4/1/2018 19:44:01,121.803773,31.153047
21486,1,4/1/2018 19:44:04,121.804215,31.151843
21760,1,4/1/2018 19:44:55,121.803585,31.153173
18886,1,4/1/2018 19:44:56,121.799108,31.153225
21144,1,4/1/2018 19:44:59,121.799288,31.152895
15843,1,4/1/2018 19:46:07,121.79927,31.152588
27257,1,4/1/2018 19:46:33,121.799887,31.152958
17960,1,4/1/2018 19:46:35,121.804013,31.152128
28639,1,4/1/2018 19:46:35,121.803488,31.153592
14040,1,4/1/2018 19:50:10,121.799647,31.151793
21844,1,4/1/2018 19:50:51,121.80217,31.153053
14932,1,4/1/2018 19:51:05,121.799752,31.152122
27368,1,4/1/2018 19:51:12,121.800173,31.1507
27368,1,4/1/2018 19:51:22,121.800173,31.1507
25036,1,4/1/2018 19:51:33,121.803743,31.153085
18194,1,4/1/2018 19:51:41,121.80399,31.152178
25036,1,4/1/2018 19:51:53,121.803665,31.153237
21238,1,4/1/2018 19:52:18,121.801763,31.151005
10458,1,4/1/2018 19:52:41,121.800158,31.151002
26027,1,4/1/2018 19:53:15,121.799217,31.153135
10351,1,4/1/2018 19:54:36,121.799913,31.150823
10153,1,4/1/2018 19:54:39,121.798647,31.150807
14960,1,4/1/2018 19:55:01,121.799193,31.153195
21243,1,4/1/2018 19:55:35,121.804317,31.151518
17418,1,4/1/2018 19:55:44,121.803657,31.153207
21243,1,4/1/2018 19:55:55,121.804317,31.151518
21243,1,4/1/2018 19:56:25,121.804317,31.151518
17311,1,4/1/2018 19:58:07,121.799258,31.152932
27924,1,4/1/2018 19:58:41,121.803303,31.153887
30025,1,4/1/2018 19:59:48,121.799098,31.152383
11288,1,4/1/2018 19:59:52,121.804343,31.144523
20478,1,4/1/2018 20:00:02,121.80147,31.14959
14931,1,4/1/2018 20:00:03,121.803258,31.149817
26556,1,4/1/2018 20:00:03,121.801413,31.149598
13108,1,4/1/2018 20:00:04,121.799298,31.157808
10153,1,4/1/2018 20:00:05,121.799327,31.149478
27034,1,4/1/2018 20:00:05,121.804552,31.151852
16045,1,4/1/2018 20:00:49,121.802518,31.153537
10389,1,4/1/2018 20:01:17,121.803708,31.15285
10481,1,4/1/2018 20:01:55,121.803848,31.152772
22085,1,4/1/2018 20:02:08,121.803427,31.153553
12659,1,4/1/2018 20:02:28,121.800228,31.151067
10032,1,4/1/2018 20:03:32,121.800768,31.14887
14437,1,4/1/2018 20:04:09,121.803398,31.15371
12939,1,4/1/2018 20:04:15,121.803578,31.153228
10444,1,4/1/2018 20:04:17,121.803845,31.152675
17125,1,4/1/2018 20:05:58,121.802237,31.149847
11203,1,4/1/2018 20:06:04,121.80344,31.153047
12962,1,4/1/2018 20:06:04,121.80396,31.1523
11203,1,4/1/2018 20:06:14,121.80344,31.153047
22114,1,4/1/2018 20:06:41,121.80475,31.151293
26048,1,4/1/2018 20:07:11,121.802205,31.15341
30237,1,4/1/2018 20:07:16,121.798302,31.155585
11454,1,4/1/2018 20:07:28,121.799445,31.152788
20027,1,4/1/2018 20:07:41,121.804317,31.151438
23420,1,4/1/2018 20:09:10,121.803573,31.153172
20612,1,4/1/2018 20:09:13,121.80369,31.152895
13503,1,4/1/2018 20:10:16,121.80086,31.151512
13207,1,4/1/2018 20:10:21,121.799172,31.152895
20100,1,4/1/2018 20:10:44,121.800275,31.152372
16856,1,4/1/2018 20:11:00,121.80117,31.15509
18374,1,4/1/2018 20:11:22,121.803483,31.152977
12962,1,4/1/2018 20:11:45,121.80193,31.153323
20161,1,4/1/2018 20:12:46,121.799452,31.152268
10321,1,4/1/2018 20:12:56,121.800135,31.150785
25034,1,4/1/2018 20:13:35,121.803785,31.153413
14423,1,4/1/2018 20:13:49,121.799342,31.152813
16549,1,4/1/2018 20:15:11,121.803347,31.152887
16549,1,4/1/2018 20:15:51,121.80331,31.153223
26379,1,4/1/2018 20:16:34,121.800045,31.151147
22050,1,4/1/2018 20:18:31,121.803348,31.15355
16863,1,4/1/2018 20:18:58,121.79915,31.15319
28434,1,4/1/2018 20:19:38,121.800375,31.151565
27421,1,4/1/2018 20:21:43,121.800265,31.151628
28527,1,4/1/2018 20:21:56,121.803878,31.153052
12908,1,4/1/2018 20:22:23,121.803682,31.153438
25748,1,4/1/2018 20:22:58,121.799477,31.152622
14971,1,4/1/2018 20:24:09,121.799698,31.152155
20115,1,4/1/2018 20:24:15,121.803963,31.15269
26455,1,4/1/2018 20:24:40,121.803563,31.15297
17787,1,4/1/2018 20:24:41,121.799505,31.15253
14322,1,4/1/2018 20:26:38,121.803747,31.15339
14322,1,4/1/2018 20:26:48,121.803732,31.153387
12686,1,4/1/2018 20:26:50,121.804302,31.15167
21749,1,4/1/2018 20:27:00,121.804002,31.152042
11699,1,4/1/2018 20:27:52,121.80314,31.153035
24004,1,4/1/2018 20:28:32,121.799437,31.15286
22008,1,4/1/2018 20:29:15,121.79935,31.153035
11468,1,4/1/2018 20:30:12,121.799953,31.151473
22066,1,4/1/2018 20:31:09,121.799528,31.152712
18183,1,4/1/2018 20:31:16,121.803242,31.15373
18183,1,4/1/2018 20:31:26,121.803242,31.15373
15780,1,4/1/2018 20:31:47,121.8038,31.152115
15234,1,4/1/2018 20:31:51,121.804228,31.15166
28618,1,4/1/2018 20:32:12,121.802702,31.153407
16277,1,4/1/2018 20:32:39,121.799587,31.152665
17434,1,4/1/2018 20:34:29,121.804257,31.151685
13322,1,4/1/2018 20:34:38,121.799487,31.15237
16885,1,4/1/2018 20:34:47,121.801205,31.15513
14444,1,4/1/2018 20:34:57,121.804328,31.15171
10345,1,4/1/2018 20:36:28,121.799405,31.152465
18080,1,4/1/2018 20:36:30,121.79967,31.15245
21801,1,4/1/2018 20:36:32,121.80205,31.152615
27279,1,4/1/2018 20:37:38,121.799133,31.153305
21437,1,4/1/2018 20:37:55,121.799518,31.152285
23799,1,4/1/2018 20:38:02,121.80404,31.153602
11526,1,4/1/2018 20:38:09,121.800032,31.150772
26328,1,4/1/2018 20:39:35,121.803662,31.152898
16298,1,4/1/2018 20:39:47,121.803962,31.153218
17100,1,4/1/2018 20:40:31,121.8041,31.152093
20838,1,4/1/2018 20:42:19,121.80372,31.152743
20696,1,4/1/2018 20:42:25,121.805972,31.147905
17779,1,4/1/2018 20:42:57,121.8009,31.151843
27136,1,4/1/2018 20:43:59,121.800667,31.151963
16630,1,4/1/2018 20:44:24,121.799438,31.15364
25949,1,4/1/2018 20:44:39,121.799467,31.152405
10867,1,4/1/2018 20:44:46,121.799365,31.152653
15371,1,4/1/2018 20:45:43,121.803597,31.15391
23625,1,4/1/2018 20:46:05,121.803753,31.153052
26048,1,4/1/2018 20:46:59,121.80172,31.151288
17125,1,4/1/2018 20:47:12,121.805082,31.147507
13509,1,4/1/2018 20:48:13,121.803592,31.153207
21299,1,4/1/2018 20:48:41,121.803797,31.152697
10149,1,4/1/2018 20:48:42,121.803633,31.15259
21011,1,4/1/2018 20:49:25,121.801527,31.151915
27982,1,4/1/2018 20:49:50,121.803723,31.152358
25949,1,4/1/2018 20:50:06,121.80051,31.150682
17227,1,4/1/2018 20:50:19,121.805048,31.146148
26341,1,4/1/2018 20:50:19,121.802853,31.155505
21814,1,4/1/2018 20:50:31,121.799123,31.15338
17290,1,4/1/2018 20:50:57,121.804235,31.151778
21196,1,4/1/2018 20:51:13,121.802147,31.14573
26363,1,4/1/2018 20:51:44,121.804047,31.152335
27603,1,4/1/2018 20:52:11,121.803957,31.152437
21368,1,4/1/2018 20:53:33,121.805748,31.148542
18656,1,4/1/2018 20:54:40,121.803293,31.154083
20440,1,4/1/2018 20:55:07,121.803722,31.153345
21453,1,4/1/2018 20:55:11,121.800142,31.155548
23729,1,4/1/2018 20:55:17,121.799798,31.15241
23729,1,4/1/2018 20:55:29,121.80036,31.152113
30021,1,4/1/2018 20:55:57,121.799492,31.15224
11069,1,4/1/2018 20:56:22,121.800152,31.151433
11069,1,4/1/2018 20:56:32,121.800152,31.151433
17517,1,4/1/2018 20:57:10,121.799728,31.152693
20285,1,4/1/2018 20:57:11,121.799222,31.152857
21307,1,4/1/2018 20:57:38,121.804077,31.15348
25743,1,4/1/2018 20:59:16,121.79959,31.151928
21437,1,4/1/2018 20:59:40,121.80369,31.14871
20649,1,4/1/2018 20:59:49,121.801643,31.149398
25679,1,4/1/2018 20:59:56,121.804093,31.152413
21742,1,4/1/2018 20:59:57,121.799823,31.152602
27022,1,4/1/2018 21:00:02,121.801332,31.152277
14430,1,4/1/2018 21:00:03,121.802717,31.153367
14653,1,4/1/2018 21:00:03,121.79834,31.154683
15398,1,4/1/2018 21:00:03,121.80179,31.149222
28434,1,4/1/2018 21:00:03,121.802207,31.156628
14560,1,4/1/2018 21:00:05,121.801297,31.149738
27065,1,4/1/2018 21:00:05,121.804663,31.143618
25679,1,4/1/2018 21:00:06,121.804093,31.152413
30021,1,4/1/2018 21:00:06,121.805848,31.140577
11734,1,4/1/2018 21:00:07,121.805652,31.148733
25784,1,4/1/2018 21:00:07,121.805947,31.14799
26220,1,4/1/2018 21:00:08,121.804508,31.15232
15780,1,4/1/2018 21:00:09,121.802915,31.152383
26249,1,4/1/2018 21:00:09,121.805665,31.148873
18656,1,4/1/2018 21:00:10,121.803293,31.154083
27136,1,4/1/2018 21:00:10,121.80104,31.151175
26066,1,4/1/2018 21:00:15,121.799303,31.15279
20209,1,4/1/2018 21:00:32,121.803028,31.145805
28267,1,4/1/2018 21:00:39,121.800468,31.152382
23737,1,4/1/2018 21:01:11,121.800012,31.151138
18849,1,4/1/2018 21:01:55,121.80397,31.152595
25679,1,4/1/2018 21:03:49,121.800062,31.152415
28339,1,4/1/2018 21:06:12,121.799205,31.152992
16204,1,4/1/2018 21:06:34,121.79988,31.151878
20090,1,4/1/2018 21:06:36,121.803572,31.152807
26643,1,4/1/2018 21:07:37,121.803583,31.152667
30250,1,4/1/2018 21:07:38,121.804282,31.151535
16881,1,4/1/2018 21:08:19,121.800287,31.149883
26748,1,4/1/2018 21:09:31,121.804013,31.153457
21437,1,4/1/2018 21:10:02,121.802187,31.153188
21889,1,4/1/2018 21:10:06,121.799332,31.153037
28016,1,4/1/2018 21:10:20,121.804145,31.152613
23651,1,4/1/2018 21:11:05,121.80295,31.153733
20382,1,4/1/2018 21:11:20,121.803352,31.153718
20382,1,4/1/2018 21:11:30,121.803103,31.15444
27975,1,4/1/2018 21:11:50,121.799332,31.152948
26643,1,4/1/2018 21:13:04,121.801307,31.150848
15366,1,4/1/2018 21:14:00,121.803673,31.15294
10218,1,4/1/2018 21:14:39,121.803775,31.152833
16189,1,4/1/2018 21:15:22,121.80444,31.151907
10641,1,4/1/2018 21:16:38,121.804317,31.15179
18032,1,4/1/2018 21:16:55,121.803892,31.15262
10623,1,4/1/2018 21:17:24,121.803282,31.153755
12842,1,4/1/2018 21:17:24,121.80383,31.15189
12842,1,4/1/2018 21:17:55,121.803723,31.151943
23349,1,4/1/2018 21:18:09,121.803322,31.15335
11953,1,4/1/2018 21:18:35,121.804298,31.151947
21291,1,4/1/2018 21:19:38,121.799172,31.153087
13207,1,4/1/2018 21:19:48,121.804187,31.152328
16731,1,4/1/2018 21:19:49,121.803955,31.152188
23559,1,4/1/2018 21:20:19,121.799333,31.152582
23559,1,4/1/2018 21:20:29,121.799333,31.152582
26856,1,4/1/2018 21:20:50,121.804038,31.152013
23559,1,4/1/2018 21:21:09,121.799333,31.152582
16573,1,4/1/2018 21:22:02,121.80156,31.149168
30241,1,4/1/2018 21:24:19,121.799727,31.150653
27180,1,4/1/2018 21:24:35,121.803713,31.153063
17388,1,4/1/2018 21:24:42,121.803435,31.153362
21670,1,4/1/2018 21:25:34,121.799288,31.152723
21628,1,4/1/2018 21:25:43,121.804258,31.151747
25971,1,4/1/2018 21:25:53,121.800402,31.151727
14699,1,4/1/2018 21:26:32,121.799455,31.152445
21081,1,4/1/2018 21:26:53,121.800485,31.15162
18919,1,4/1/2018 21:28:32,121.799708,31.152038
28112,1,4/1/2018 21:29:07,121.803367,31.154235
18801,1,4/1/2018 21:29:30,121.804015,31.152748
28613,1,4/1/2018 21:31:00,121.804283,31.152935
21234,1,4/1/2018 21:31:28,121.800943,31.148552
23818,1,4/1/2018 21:31:45,121.805722,31.149038
28623,1,4/1/2018 21:32:14,121.80381,31.145825
13847,1,4/1/2018 21:33:25,121.803843,31.152717
15523,1,4/1/2018 21:33:56,121.80035,31.151003
13316,1,4/1/2018 21:34:01,121.799848,31.150535
22106,1,4/1/2018 21:34:09,121.799133,31.153177
16081,1,4/1/2018 21:34:34,121.803748,31.152533
15579,1,4/1/2018 21:35:08,121.804185,31.151853
21237,1,4/1/2018 21:36:44,121.800043,31.150995
21875,1,4/1/2018 21:37:16,121.802448,31.146393
26567,1,4/1/2018 21:37:17,121.803455,31.153517
20017,1,4/1/2018 21:37:30,121.805947,31.147308
20017,1,4/1/2018 21:37:40,121.805395,31.148877
26277,1,4/1/2018 21:37:51,121.804248,31.151643
11758,1,4/1/2018 21:38:16,121.800333,31.151782
14529,1,4/1/2018 21:39:10,121.799093,31.151612
15793,1,4/1/2018 21:39:32,121.803732,31.152447
25708,1,4/1/2018 21:40:16,121.803997,31.152543
25739,1,4/1/2018 21:40:32,121.804068,31.152195
17437,1,4/1/2018 21:41:22,121.801642,31.152432
27782,1,4/1/2018 21:41:57,121.80043,31.151977
20312,1,4/1/2018 21:42:06,121.802948,31.152423
20654,1,4/1/2018 21:42:38,121.804147,31.152433
14356,1,4/1/2018 21:42:46,121.803858,31.152073
26068,1,4/1/2018 21:43:06,121.802002,31.151455
27136,1,4/1/2018 21:43:20,121.805407,31.146232
16332,1,4/1/2018 21:43:36,121.800365,31.151048
12756,1,4/1/2018 21:43:46,121.799932,31.151743
11957,1,4/1/2018 21:44:31,121.798535,31.149765
17572,1,4/1/2018 21:44:33,121.800993,31.158252
15557,1,4/1/2018 21:45:13,121.801262,31.158088
14105,1,4/1/2018 21:45:38,121.803947,31.152415
25244,1,4/1/2018 21:46:03,121.80382,31.152422
12704,1,4/1/2018 21:46:43,121.803647,31.152275
20650,1,4/1/2018 21:46:48,121.80169,31.149263
26280,1,4/1/2018 21:48:20,121.804233,31.15185
16777,1,4/1/2018 21:48:34,121.803808,31.151678
26082,1,4/1/2018 21:48:39,121.802925,31.148837
26082,1,4/1/2018 21:48:49,121.802912,31.15111
12780,1,4/1/2018 21:50:06,121.803885,31.152443
21218,1,4/1/2018 21:50:48,121.804172,31.151645
30173,1,4/1/2018 21:51:01,121.801712,31.152322
25223,1,4/1/2018 21:51:20,121.799913,31.158993
25699,1,4/1/2018 21:51:20,121.803892,31.153345
16860,1,4/1/2018 21:51:26,121.803797,31.152772
22114,1,4/1/2018 21:51:50,121.804028,31.153313
23886,1,4/1/2018 21:54:45,121.79984,31.152507
15036,1,4/1/2018 21:55:11,121.803858,31.152635
16074,1,4/1/2018 21:55:13,121.80379,31.152823
17774,1,4/1/2018 21:55:51,121.803565,31.152703
17774,1,4/1/2018 21:56:01,121.80356,31.152732
20767,1,4/1/2018 21:56:11,121.803485,31.153343
17728,1,4/1/2018 21:56:28,121.803797,31.152778
17728,1,4/1/2018 21:56:48,121.803797,31.152778
14450,1,4/1/2018 21:57:07,121.80369,31.152995
16960,1,4/1/2018 21:57:53,121.803988,31.152053
16256,1,4/1/2018 21:57:57,121.799592,31.152293
20382,1,4/1/2018 21:58:46,121.803502,31.152355
14364,1,4/1/2018 21:59:13,121.800178,31.152765
26698,1,4/1/2018 21:59:40,121.804035,31.152225
15959,1,4/1/2018 22:00:34,121.804245,31.15161
27149,1,4/1/2018 22:01:02,121.804065,31.152712
25666,1,4/1/2018 22:01:34,121.800172,31.15169
14345,1,4/1/2018 22:01:38,121.803902,31.15234
14195,1,4/1/2018 22:03:03,121.803533,31.153422
21874,1,4/1/2018 22:03:18,121.803835,31.152727
28614,1,4/1/2018 22:03:39,121.804058,31.152027
23683,1,4/1/2018 22:05:48,121.802813,31.1557
21911,1,4/1/2018 22:07:36,121.800992,31.148045
16669,1,4/1/2018 22:08:29,121.799172,31.153103
16298,1,4/1/2018 22:09:12,121.803585,31.152905
26143,1,4/1/2018 22:09:14,121.803443,31.153512
26143,1,4/1/2018 22:09:24,121.80343,31.153502
12654,1,4/1/2018 22:14:53,121.803848,31.152108
16369,1,4/1/2018 22:14:54,121.803695,31.153143
21307,1,4/1/2018 22:17:53,121.805852,31.148098
22063,1,4/1/2018 22:21:10,121.803607,31.153575
27692,1,4/1/2018 22:21:26,121.803855,31.152393
13417,1,4/1/2018 22:22:09,121.804347,31.151658
21723,1,4/1/2018 22:24:27,121.803678,31.152973
21723,1,4/1/2018 22:24:47,121.803678,31.152973
17943,1,4/1/2018 22:29:38,121.803938,31.152195
28355,1,4/1/2018 22:29:39,121.802803,31.153785
16567,1,4/1/2018 22:31:26,121.799982,31.152787
20104,1,4/1/2018 22:31:36,121.803747,31.15292
20984,1,4/1/2018 22:32:31,121.800383,31.149792
14901,1,4/1/2018 22:32:33,121.803892,31.152833
15699,1,4/1/2018 22:32:40,121.804165,31.152155
20984,1,4/1/2018 22:32:41,121.800413,31.149758
25421,1,4/1/2018 22:35:18,121.803965,31.15241
22032,1,4/1/2018 22:35:28,121.800047,31.150572
28033,1,4/1/2018 22:36:00,121.804612,31.151352
27648,1,4/1/2018 22:37:31,121.804255,31.152735
23737,1,4/1/2018 22:37:52,121.804278,31.151987
13556,1,4/1/2018 22:37:56,121.804122,31.152837
28033,1,4/1/2018 22:38:52,121.803087,31.154102
15684,1,4/1/2018 22:39:52,121.80357,31.153422
17623,1,4/1/2018 22:43:13,121.804245,31.15154
20879,1,4/1/2018 22:43:36,121.803877,31.151887
12705,1,4/1/2018 22:44:14,121.804217,31.152325
11734,1,4/1/2018 22:45:09,121.804182,31.153097
11439,1,4/1/2018 22:47:01,121.804665,31.151278
28312,1,4/1/2018 22:47:39,121.803512,31.151728
14463,1,4/1/2018 22:48:42,121.803705,31.152628
13356,1,4/1/2018 22:49:18,121.799678,31.152628
31005,1,4/1/2018 22:49:18,121.803338,31.153008
20394,1,4/1/2018 22:50:17,121.803093,31.154725
26082,1,4/1/2018 22:50:31,121.802885,31.148172
9009,1,4/1/2018 22:51:17,121.803648,31.153268
21185,1,4/1/2018 22:51:19,121.803955,31.153052
21185,1,4/1/2018 22:51:39,121.803955,31.153052
26820,1,4/1/2018 22:52:08,121.8036,31.153557
14335,1,4/1/2018 22:56:00,121.804233,31.152398
15969,1,4/1/2018 22:57:06,121.804148,31.152128
14515,1,4/1/2018 22:57:21,121.803503,31.153255
10726,1,4/1/2018 22:59:28,121.803843,31.152558
28371,1,4/1/2018 23:00:03,121.801575,31.14908
14260,1,4/1/2018 23:00:04,121.804578,31.151438
12726,1,4/1/2018 23:00:09,121.805372,31.149495
27167,1,4/1/2018 23:00:33,121.803768,31.153597
11101,1,4/1/2018 23:00:49,121.804218,31.151732
17696,1,4/1/2018 23:01:45,121.801487,31.151975
23419,1,4/1/2018 23:02:38,121.800503,31.15052
14508,1,4/1/2018 23:02:43,121.802148,31.156807
16019,1,4/1/2018 23:02:45,121.803447,31.153208
14260,1,4/1/2018 23:03:58,121.80346,31.152352
27262,1,4/1/2018 23:04:37,121.800985,31.150315
21476,1,4/1/2018 23:07:31,121.803948,31.152357
23419,1,4/1/2018 23:07:37,121.803687,31.148788
13537,1,4/1/2018 23:08:10,121.803682,31.152742
17164,1,4/1/2018 23:09:37,121.803302,31.15403
10486,1,4/1/2018 23:09:58,121.803387,31.153723
15780,1,4/1/2018 23:10:51,121.803988,31.152353
17888,1,4/1/2018 23:14:04,121.804155,31.151983
27808,1,4/1/2018 23:15:12,121.803947,31.152553
23425,1,4/1/2018 23:15:34,121.801032,31.150033
12854,1,4/1/2018 23:16:08,121.803827,31.152972
16260,1,4/1/2018 23:17:23,121.803847,31.15238
21857,1,4/1/2018 23:17:35,121.803872,31.15278
28194,1,4/1/2018 23:19:06,121.803602,31.152527
20536,1,4/1/2018 23:21:12,121.79944,31.15272
20536,1,4/1/2018 23:21:32,121.799525,31.152657
20536,1,4/1/2018 23:22:02,121.799525,31.152657
23619,1,4/1/2018 23:26:09,121.803938,31.15224
20320,1,4/1/2018 23:26:19,121.801315,31.152238
16669,1,4/1/2018 23:27:32,121.804102,31.152167
20536,1,4/1/2018 23:28:16,121.803692,31.152363
21121,1,4/1/2018 23:29:44,121.804017,31.153108
21470,1,4/1/2018 23:31:07,121.801787,31.15257
16856,1,4/1/2018 23:35:43,121.800887,31.158352
26147,1,4/1/2018 23:36:01,121.802823,31.153282
26147,1,4/1/2018 23:36:11,121.802822,31.15329
23427,1,4/1/2018 23:45:09,121.804078,31.153325
27727,1,4/1/2018 23:45:33,121.804062,31.152368
20709,1,4/1/2018 23:50:03,121.800703,31.150313
20709,1,4/1/2018 23:50:13,121.800757,31.150252
13326,1,4/1/2018 23:51:41,121.800918,31.150305
20210,1,4/1/2018 23:52:31,121.803213,31.154287
12659,1,4/1/2018 23:53:04,121.801298,31.158105
21552,1,4/1/2018 23:57:12,121.804257,31.151893
23335,1,4/1/2018 23:59:43,121.804248,31.15226
20304,1,4/1/2018 6:18:49,121.799512,31.153448
12000,1,4/1/2018 8:09:34,121.804765,31.1433
20120,1,4/1/2018 8:17:17,121.798272,31.150462
25621,1,4/1/2018 8:44:42,121.798993,31.153778
20381,1,4/1/2018 9:09:09,121.80555,31.149057
23868,1,4/1/2018 9:27:04,121.800672,31.153208
18005,1,4/1/2018 9:53:21,121.800458,31.154453
20285,1,4/1/2018 9:56:46,121.79937,31.15075
